id,dll_name,file_path,file_size,processing_stage,export_count,analysis_timestamp,confidence_score,function_signature,func_confidence
37,Sn3DAIOutUnity.dll,IntraoralScan/Bin/Sn3DAIOutUnity.dll,83968,visualization,0,2025-08-15 16:26:55,0.35,,
4,Sn3DAVXImp.dll,IntraoralScan/Bin/Sn3DAVXImp.dll,163840,unknown,0,2025-08-15 16:26:47,0.35,,
61,Sn3DApplicationCommon.dll,IntraoralScan/Bin/DentalDesignAppDentalSphere/Main/Sn3DApplicationCommon.dll,132096,unknown,0,2025-08-15 16:27:12,0.35,,
60,Sn3DApplicationRenderKit.dll,IntraoralScan/Bin/DentalDesignAppDentalSphere/Main/Sn3DApplicationRenderKit.dll,2118656,unknown,0,2025-08-15 16:27:12,0.35,,
62,Sn3DApplicationUtility.dll,IntraoralScan/Bin/DentalDesignAppDentalSphere/Main/Sn3DApplicationUtility.dll,187392,unknown,0,2025-08-15 16:27:12,0.35,,
43,Sn3DCBCTLoader.dll,IntraoralScan/Bin/Sn3DCBCTLoader.dll,6432768,unknown,0,2025-08-15 16:27:05,0.35,,
45,Sn3DCBCTSegLite.dll,IntraoralScan/Bin/Sn3DCBCTSegLite.dll,3793408,unknown,0,2025-08-15 16:27:06,0.35,,
17,Sn3DCalibrationJR.dll,IntraoralScan/Bin/Sn3DCalibrationJR.dll,7440896,calibration,50,2025-08-15 16:26:49,0.7,?compute_epilines@MarkPointTrack@Sn3DAlgorithm@@AEAA?AV?$Matrix@N$02$00$0A@$02$00@Eigen@@AEBV?$Matrix@N$01$00$0A@$01$00@4@@Z,0.7999999999999999
17,Sn3DCalibrationJR.dll,IntraoralScan/Bin/Sn3DCalibrationJR.dll,7440896,calibration,50,2025-08-15 16:26:49,0.7,?compute_epilines_r@MarkPointTrack@Sn3DAlgorithm@@AEAA?AV?$Matrix@N$02$00$0A@$02$00@Eigen@@AEBV?$Matrix@N$01$00$0A@$01$00@4@@Z,0.7999999999999999
17,Sn3DCalibrationJR.dll,IntraoralScan/Bin/Sn3DCalibrationJR.dll,7440896,calibration,50,2025-08-15 16:26:49,0.7,?compute_extrinsic@CameraIMUCalibration@Sn3DAlgorithm@@AEAA?AW4RetVal@2@AEBV?$Matrix@N$02$02$0A@$02$02@Eigen@@AEBV?$Quaternion@N$0A@@5@AEAV45@@Z,0.7999999999999999
17,Sn3DCalibrationJR.dll,IntraoralScan/Bin/Sn3DCalibrationJR.dll,7440896,calibration,50,2025-08-15 16:26:49,0.7,?compute_homography_with_mark_normal@MarkPointTrack@Sn3DAlgorithm@@QEAA?AW4RetVal@2@NAEBV?$Matrix@N$02$00$0A@$02$00@Eigen@@0AEAV?$Matrix@N$02$02$0A@$02$02@5@1@Z,0.7999999999999999
17,Sn3DCalibrationJR.dll,IntraoralScan/Bin/Sn3DCalibrationJR.dll,7440896,calibration,50,2025-08-15 16:26:49,0.7,?compute_nInOutColor@MarkPointRecognition@Sn3DAlgorithm@@AEAA?AW4RetVal@2@AEBV?$Image@$00M@2@AEAVEllipseEdge@2@@Z,0.7999999999999999
17,Sn3DCalibrationJR.dll,IntraoralScan/Bin/Sn3DCalibrationJR.dll,7440896,calibration,50,2025-08-15 16:26:49,0.7,?init@Sn3D_MarkPointTrack@Sn3DAlgorithm@@QEAAXAEBUCameraParam@2@00AEBVRigidMatrix@2@1UImplantsParam@2@USn3DCalibrationOpt@2@@Z,0.7999999999999999
17,Sn3DCalibrationJR.dll,IntraoralScan/Bin/Sn3DCalibrationJR.dll,7440896,calibration,50,2025-08-15 16:26:49,0.7,?init@Sn3D_MarkPointTrack@Sn3DAlgorithm@@QEAAXAEBUCameraParam@2@0AEBVRigidMatrix@2@UImplantsParam@2@USn3DCalibrationOpt@2@@Z,0.7999999999999999
17,Sn3DCalibrationJR.dll,IntraoralScan/Bin/Sn3DCalibrationJR.dll,7440896,calibration,50,2025-08-15 16:26:49,0.7,?set_all_param@MarkPointTrack@Sn3DAlgorithm@@QEAA_NUSn3DCalibrationOpt@2@@Z,0.7999999999999999
17,Sn3DCalibrationJR.dll,IntraoralScan/Bin/Sn3DCalibrationJR.dll,7440896,calibration,50,2025-08-15 16:26:49,0.7,D:\Jenkins\workspace\SnAlgCalibration\BuildCuda112\Release\Sn3DCalibrationJR.pdb,0.8500000000000001
17,Sn3DCalibrationJR.dll,IntraoralScan/Bin/Sn3DCalibrationJR.dll,7440896,calibration,50,2025-08-15 16:26:49,0.7,D:\Jenkins\workspace\SnAlgCalibration\Calibration\Sn3DCalibrationJR\Sn3DCalibrationInclude.cpp,0.7000000000000001
17,Sn3DCalibrationJR.dll,IntraoralScan/Bin/Sn3DCalibrationJR.dll,7440896,calibration,50,2025-08-15 16:26:49,0.7,D:\Jenkins\workspace\SnAlgCalibration\Calibration\Sn3DCalibrationJR\Sn3DCalibrationManager.cpp,0.7000000000000001
17,Sn3DCalibrationJR.dll,IntraoralScan/Bin/Sn3DCalibrationJR.dll,7440896,calibration,50,2025-08-15 16:26:49,0.7,D:\Jenkins\workspace\SnAlgCalibration\Calibration\Sn3DCalibrationJR\cmm_compensate\sn3DCMMCompensate.cpp,0.7000000000000001
17,Sn3DCalibrationJR.dll,IntraoralScan/Bin/Sn3DCalibrationJR.dll,7440896,calibration,50,2025-08-15 16:26:49,0.7,Sn3DAlgorithm::MarkPointTrack::compute_homography_with_mark_normal,0.8999999999999999
17,Sn3DCalibrationJR.dll,IntraoralScan/Bin/Sn3DCalibrationJR.dll,7440896,calibration,50,2025-08-15 16:26:49,0.7,Sn3DAlgorithm::MarkPointTrack::frame_filter,0.8
17,Sn3DCalibrationJR.dll,IntraoralScan/Bin/Sn3DCalibrationJR.dll,7440896,calibration,50,2025-08-15 16:26:49,0.7,Sn3DAlgorithm::MarkPointTrack::init_cad_location,0.8
17,Sn3DCalibrationJR.dll,IntraoralScan/Bin/Sn3DCalibrationJR.dll,7440896,calibration,50,2025-08-15 16:26:49,0.7,Sn3DAlgorithm::MarkPointTrack::match_hat_rod,0.8
17,Sn3DCalibrationJR.dll,IntraoralScan/Bin/Sn3DCalibrationJR.dll,7440896,calibration,50,2025-08-15 16:26:49,0.7,Sn3DAlgorithm::MarkPointTrack::run_mark_point_rebuild_Trio,0.8
17,Sn3DCalibrationJR.dll,IntraoralScan/Bin/Sn3DCalibrationJR.dll,7440896,calibration,50,2025-08-15 16:26:49,0.7,Sn3DAlgorithm::MarkPointTrack::run_mark_track,0.8
17,Sn3DCalibrationJR.dll,IntraoralScan/Bin/Sn3DCalibrationJR.dll,7440896,calibration,50,2025-08-15 16:26:49,0.7,Sn3DAlgorithm::MarkPointTrack::run_mark_track_pt,0.8
17,Sn3DCalibrationJR.dll,IntraoralScan/Bin/Sn3DCalibrationJR.dll,7440896,calibration,50,2025-08-15 16:26:49,0.7,Sn3DAlgorithm::MarkPointTrack::run_rebuild,0.8
17,Sn3DCalibrationJR.dll,IntraoralScan/Bin/Sn3DCalibrationJR.dll,7440896,calibration,50,2025-08-15 16:26:49,0.7,Sn3DAlgorithm::Sn3D_E15_compute_camera_pose,0.8
17,Sn3DCalibrationJR.dll,IntraoralScan/Bin/Sn3DCalibrationJR.dll,7440896,calibration,50,2025-08-15 16:26:49,0.7,Sn3DAlgorithm::Sn3D_E15_extrinsic_calibration,0.8
17,Sn3DCalibrationJR.dll,IntraoralScan/Bin/Sn3DCalibrationJR.dll,7440896,calibration,50,2025-08-15 16:26:49,0.7,Sn3DAlgorithm::Sn3D_Track3_compute_pose2,0.8
17,Sn3DCalibrationJR.dll,IntraoralScan/Bin/Sn3DCalibrationJR.dll,7440896,calibration,50,2025-08-15 16:26:49,0.7,Sn3DAlgorithm::Sn3D_Track3_extrinsic_calibration,0.8
17,Sn3DCalibrationJR.dll,IntraoralScan/Bin/Sn3DCalibrationJR.dll,7440896,calibration,50,2025-08-15 16:26:49,0.7,Sn3DAlgorithm::Sn3D_UEP_extrinsic_calibration,0.8
17,Sn3DCalibrationJR.dll,IntraoralScan/Bin/Sn3DCalibrationJR.dll,7440896,calibration,50,2025-08-15 16:26:49,0.7,Sn3DAlgorithm::compute_implants_transfer_error,0.8
17,Sn3DCalibrationJR.dll,IntraoralScan/Bin/Sn3DCalibrationJR.dll,7440896,calibration,50,2025-08-15 16:26:49,0.7,Sn3DAlgorithm::single_calbTable_multi_camera_calibration_cmm,0.8
17,Sn3DCalibrationJR.dll,IntraoralScan/Bin/Sn3DCalibrationJR.dll,7440896,calibration,50,2025-08-15 16:26:49,0.7,Sn3DCalibrationJR.dll,0.7000000000000001
17,Sn3DCalibrationJR.dll,IntraoralScan/Bin/Sn3DCalibrationJR.dll,7440896,calibration,50,2025-08-15 16:26:49,0.7,Sn3D_E15_compute_camera_pose,0.7000000000000001
17,Sn3DCalibrationJR.dll,IntraoralScan/Bin/Sn3DCalibrationJR.dll,7440896,calibration,50,2025-08-15 16:26:49,0.7,Sn3D_E15_extrinsic_calibration,0.7000000000000001
17,Sn3DCalibrationJR.dll,IntraoralScan/Bin/Sn3DCalibrationJR.dll,7440896,calibration,50,2025-08-15 16:26:49,0.7,Sn3D_Small_calibTable_camera_calibration,0.7000000000000001
17,Sn3DCalibrationJR.dll,IntraoralScan/Bin/Sn3DCalibrationJR.dll,7440896,calibration,50,2025-08-15 16:26:49,0.7,Sn3D_Track3_compute_pose2,0.7000000000000001
17,Sn3DCalibrationJR.dll,IntraoralScan/Bin/Sn3DCalibrationJR.dll,7440896,calibration,50,2025-08-15 16:26:49,0.7,Sn3D_Track3_extrinsic_calibration,0.7000000000000001
17,Sn3DCalibrationJR.dll,IntraoralScan/Bin/Sn3DCalibrationJR.dll,7440896,calibration,50,2025-08-15 16:26:49,0.7,Sn3D_UEP_extrinsic_calibration,0.7000000000000001
17,Sn3DCalibrationJR.dll,IntraoralScan/Bin/Sn3DCalibrationJR.dll,7440896,calibration,50,2025-08-15 16:26:49,0.7,Sn3D_UE_series_fast_calibration,0.7000000000000001
17,Sn3DCalibrationJR.dll,IntraoralScan/Bin/Sn3DCalibrationJR.dll,7440896,calibration,50,2025-08-15 16:26:49,0.7,Sn3D_compute_camera_pose,0.7000000000000001
17,Sn3DCalibrationJR.dll,IntraoralScan/Bin/Sn3DCalibrationJR.dll,7440896,calibration,50,2025-08-15 16:26:49,0.7,Sn3D_double_camera_calibration,0.7000000000000001
17,Sn3DCalibrationJR.dll,IntraoralScan/Bin/Sn3DCalibrationJR.dll,7440896,calibration,50,2025-08-15 16:26:49,0.7,Sn3D_double_camera_calibration_extrinsic,0.7000000000000001
17,Sn3DCalibrationJR.dll,IntraoralScan/Bin/Sn3DCalibrationJR.dll,7440896,calibration,50,2025-08-15 16:26:49,0.7,Sn3D_double_camera_projector_calibration,0.7000000000000001
17,Sn3DCalibrationJR.dll,IntraoralScan/Bin/Sn3DCalibrationJR.dll,7440896,calibration,50,2025-08-15 16:26:49,0.7,Sn3D_double_camera_projector_calibration_high,0.7000000000000001
17,Sn3DCalibrationJR.dll,IntraoralScan/Bin/Sn3DCalibrationJR.dll,7440896,calibration,50,2025-08-15 16:26:49,0.7,Sn3D_multi_camera_calibration,0.7000000000000001
17,Sn3DCalibrationJR.dll,IntraoralScan/Bin/Sn3DCalibrationJR.dll,7440896,calibration,50,2025-08-15 16:26:49,0.7,Sn3D_multi_camera_calibration_extrinsic,0.7000000000000001
17,Sn3DCalibrationJR.dll,IntraoralScan/Bin/Sn3DCalibrationJR.dll,7440896,calibration,50,2025-08-15 16:26:49,0.7,Sn3D_single_camera_calibration,0.7000000000000001
17,Sn3DCalibrationJR.dll,IntraoralScan/Bin/Sn3DCalibrationJR.dll,7440896,calibration,50,2025-08-15 16:26:49,0.7,Sn3D_two_calib_multicamera_calibration,0.7000000000000001
17,Sn3DCalibrationJR.dll,IntraoralScan/Bin/Sn3DCalibrationJR.dll,7440896,calibration,50,2025-08-15 16:26:49,0.7,Sn3D_write_calibration_ccf,0.7000000000000001
17,Sn3DCalibrationJR.dll,IntraoralScan/Bin/Sn3DCalibrationJR.dll,7440896,calibration,50,2025-08-15 16:26:49,0.7,\D:\Jenkins\workspace\SnAlgCalibration\Calibration\Sn3DCalibrationJR\Sn3DCalibrationManager.cpp,0.7000000000000001
17,Sn3DCalibrationJR.dll,IntraoralScan/Bin/Sn3DCalibrationJR.dll,7440896,calibration,50,2025-08-15 16:26:49,0.7,\D:\Jenkins\workspace\SnAlgCalibration\Calibration\Sn3DCalibrationJR\cmm_compensate\sn3DCMMCompensate.cpp,0.7000000000000001
17,Sn3DCalibrationJR.dll,IntraoralScan/Bin/Sn3DCalibrationJR.dll,7440896,calibration,50,2025-08-15 16:26:49,0.7,\D:\Jenkins\workspace\SnAlgCalibration\Calibration\Sn3DCalibrationJR\fast_recognition\FastCalibRecognition.cpp,0.7000000000000001
17,Sn3DCalibrationJR.dll,IntraoralScan/Bin/Sn3DCalibrationJR.dll,7440896,calibration,50,2025-08-15 16:26:49,0.7,\D:\Jenkins\workspace\SnAlgCalibration\Calibration\Sn3DCalibrationJR\imu\filter.cpp,0.7000000000000001
17,Sn3DCalibrationJR.dll,IntraoralScan/Bin/Sn3DCalibrationJR.dll,7440896,calibration,50,2025-08-15 16:26:49,0.7,\D:\Jenkins\workspace\SnAlgCalibration\Calibration\Sn3DCalibrationJR\mvg\MarkPointTrack.cpp,0.7999999999999999
28,Sn3DColorCorrect.dll,IntraoralScan/Bin/Sn3DColorCorrect.dll,1891328,unknown,0,2025-08-15 16:26:52,0.35,,
46,Sn3DCork.dll,IntraoralScan/Bin/Sn3DCork.dll,1961984,mesh_processing,0,2025-08-15 16:27:06,0.35,,
11,Sn3DCrownGen.dll,IntraoralScan/Bin/Sn3DCrownGen.dll,1370112,dental_specific,0,2025-08-15 16:26:48,0.35,,
14,Sn3DCrypto.dll,IntraoralScan/Bin/Sn3DCrypto.dll,335872,unknown,0,2025-08-15 16:26:49,0.35,,
3,Sn3DDental.dll,IntraoralScan/Bin/Sn3DDental.dll,6773760,dental_specific,0,2025-08-15 16:26:47,0.35,,
19,Sn3DDentalAI.dll,IntraoralScan/Bin/Sn3DDentalAI.dll,3677184,ai_analysis,50,2025-08-15 16:26:50,0.7,.?AU?$CtorArgN@UShmMeshInfo@DentalDesktopSemanticSegment@Sn3DAlgorithm@@$0A@$$V@ipcdetail@interprocess@boost@@,0.9999999999999999
19,Sn3DDentalAI.dll,IntraoralScan/Bin/Sn3DDentalAI.dll,3677184,ai_analysis,50,2025-08-15 16:26:50,0.7,.?AU?$CtorArgN@UShmMeshInfo@DentalSemanticSegment@Sn3DAlgorithm@@$0A@$$V@ipcdetail@interprocess@boost@@,0.9999999999999999
19,Sn3DDentalAI.dll,IntraoralScan/Bin/Sn3DDentalAI.dll,3677184,ai_analysis,50,2025-08-15 16:26:50,0.7,.?AU?$placement_destroy@UShmMeshInfo@DentalDesktopSemanticSegment@Sn3DAlgorithm@@@ipcdetail@interprocess@boost@@,0.9999999999999999
19,Sn3DDentalAI.dll,IntraoralScan/Bin/Sn3DDentalAI.dll,3677184,ai_analysis,50,2025-08-15 16:26:50,0.7,.?AU?$placement_destroy@UShmMeshInfo@DentalSemanticSegment@Sn3DAlgorithm@@@ipcdetail@interprocess@boost@@,0.9999999999999999
19,Sn3DDentalAI.dll,IntraoralScan/Bin/Sn3DDentalAI.dll,3677184,ai_analysis,50,2025-08-15 16:26:50,0.7,?check_mesh@DentalDesktopSemanticSegment@Sn3DAlgorithm@@AEAA_NAEBVTriMesh@2@@Z,0.9
19,Sn3DDentalAI.dll,IntraoralScan/Bin/Sn3DDentalAI.dll,3677184,ai_analysis,50,2025-08-15 16:26:50,0.7,?check_mesh@DentalInstanceSegment@Sn3DAlgorithm@@AEAA_NAEBVTriMesh@2@@Z,0.9
19,Sn3DDentalAI.dll,IntraoralScan/Bin/Sn3DDentalAI.dll,3677184,ai_analysis,50,2025-08-15 16:26:50,0.7,?check_mesh@DentalSemanticSegment@Sn3DAlgorithm@@AEAA_NAEBVTriMesh@2@@Z,0.9
19,Sn3DDentalAI.dll,IntraoralScan/Bin/Sn3DDentalAI.dll,3677184,ai_analysis,50,2025-08-15 16:26:50,0.7,?client_dental_detection@DentalDesktopSemanticSegment@Sn3DAlgorithm@@QEAA?AW4RetVal@2@AEBVTriMesh@2@AEAV?$vector@HV?$allocator@H@std@@@std@@1_N@Z,0.9999999999999999
19,Sn3DDentalAI.dll,IntraoralScan/Bin/Sn3DDentalAI.dll,3677184,ai_analysis,50,2025-08-15 16:26:50,0.7,?client_dental_detection@DentalSemanticSegment@Sn3DAlgorithm@@QEAA?AW4RetVal@2@AEBVTriMesh@2@AEAV?$vector@HV?$allocator@H@std@@@std@@1_N@Z,0.9999999999999999
19,Sn3DDentalAI.dll,IntraoralScan/Bin/Sn3DDentalAI.dll,3677184,ai_analysis,50,2025-08-15 16:26:50,0.7,?client_initialization@DentalDesktopSemanticSegment@Sn3DAlgorithm@@QEAA?AW4RetVal@2@AEBV?$basic_string@DU?$char_traits@D@std@@V?$allocator@D@2@@std@@0UDentalDetectionOpt@2@@Z,0.9
19,Sn3DDentalAI.dll,IntraoralScan/Bin/Sn3DDentalAI.dll,3677184,ai_analysis,50,2025-08-15 16:26:50,0.7,?client_initialization@DentalSemanticSegment@Sn3DAlgorithm@@QEAA?AW4RetVal@2@AEBV?$basic_string@DU?$char_traits@D@std@@V?$allocator@D@2@@std@@0UDentalDetectionOpt@2@@Z,0.9
19,Sn3DDentalAI.dll,IntraoralScan/Bin/Sn3DDentalAI.dll,3677184,ai_analysis,50,2025-08-15 16:26:50,0.7,?compute_curvature_fast@DentalDetectionCommon@Sn3DAlgorithm@@SA_NAEBVTriMesh@2@AEBV?$vector@MV?$allocator@M@std@@@std@@AEAV45@22@Z,0.9999999999999999
19,Sn3DDentalAI.dll,IntraoralScan/Bin/Sn3DDentalAI.dll,3677184,ai_analysis,50,2025-08-15 16:26:50,0.7,?compute_curvature_fast@DentalDetectionCommon@Sn3DAlgorithm@@SA_NAEBVTriMesh@2@AEBV?$vector@MV?$allocator@M@std@@@std@@AEAV45@2@Z,0.9999999999999999
19,Sn3DDentalAI.dll,IntraoralScan/Bin/Sn3DDentalAI.dll,3677184,ai_analysis,50,2025-08-15 16:26:50,0.7,?dental_desktop_semantic_segment@DentalDetectionThreadSafeManager@Sn3DAlgorithm@@QEAA?AW4RetVal@2@AEBVTriMesh@2@AEAV?$vector@HV?$allocator@H@std@@@std@@@Z,0.9999999999999999
19,Sn3DDentalAI.dll,IntraoralScan/Bin/Sn3DDentalAI.dll,3677184,ai_analysis,50,2025-08-15 16:26:50,0.7,?dental_desktop_semantic_segment@DentalDetectionThreadSafeManager@Sn3DAlgorithm@@QEAA?AW4RetVal@2@AEBVTriMesh@2@MAEAV?$vector@HV?$allocator@H@std@@@std@@@Z,0.9999999999999999
19,Sn3DDentalAI.dll,IntraoralScan/Bin/Sn3DDentalAI.dll,3677184,ai_analysis,50,2025-08-15 16:26:50,0.7,?dental_detection@DentalDetectionManager@Sn3DAlgorithm@@QEAA?AW4RetVal@2@AEBVTriMesh@2@AEAV?$vector@HV?$allocator@H@std@@@std@@1_N@Z,0.9
19,Sn3DDentalAI.dll,IntraoralScan/Bin/Sn3DDentalAI.dll,3677184,ai_analysis,50,2025-08-15 16:26:50,0.7,?dental_semantic_segment@DentalDetectionThreadSafeManager@Sn3DAlgorithm@@QEAA?AW4RetVal@2@AEBVTriMesh@2@AEAV?$vector@HV?$allocator@H@std@@@std@@@Z,0.9999999999999999
19,Sn3DDentalAI.dll,IntraoralScan/Bin/Sn3DDentalAI.dll,3677184,ai_analysis,50,2025-08-15 16:26:50,0.7,?dental_semantic_segment@DentalDetectionThreadSafeManager@Sn3DAlgorithm@@QEAA?AW4RetVal@2@AEBVTriMesh@2@MAEAV?$vector@HV?$allocator@H@std@@@std@@@Z,0.9999999999999999
19,Sn3DDentalAI.dll,IntraoralScan/Bin/Sn3DDentalAI.dll,3677184,ai_analysis,50,2025-08-15 16:26:50,0.7,?expand_vertex_component@DentalDesktopSemanticSegment@Sn3DAlgorithm@@AEAA_NAEBVTriMesh@2@MHAEAV?$vector@_NV?$allocator@_N@std@@@std@@@Z,0.9
19,Sn3DDentalAI.dll,IntraoralScan/Bin/Sn3DDentalAI.dll,3677184,ai_analysis,50,2025-08-15 16:26:50,0.7,?expand_vertex_component@DentalDetectionCommon@Sn3DAlgorithm@@SA_NAEBVTriMesh@2@MHAEAV?$vector@EV?$allocator@E@std@@@std@@@Z,0.9
19,Sn3DDentalAI.dll,IntraoralScan/Bin/Sn3DDentalAI.dll,3677184,ai_analysis,50,2025-08-15 16:26:50,0.7,?expand_vertex_component@DentalSemanticSegment@Sn3DAlgorithm@@AEAA_NAEBVTriMesh@2@MHAEAV?$vector@_NV?$allocator@_N@std@@@std@@@Z,0.9
19,Sn3DDentalAI.dll,IntraoralScan/Bin/Sn3DDentalAI.dll,3677184,ai_analysis,50,2025-08-15 16:26:50,0.7,?expand_vertex_labels@DentalDesktopSemanticSegment@Sn3DAlgorithm@@AEAA?AW4RetVal@2@AEBVTriMesh@2@MAEAV?$vector@HV?$allocator@H@std@@@std@@@Z,0.9
19,Sn3DDentalAI.dll,IntraoralScan/Bin/Sn3DDentalAI.dll,3677184,ai_analysis,50,2025-08-15 16:26:50,0.7,?expand_vertex_labels@DentalSemanticSegment@Sn3DAlgorithm@@AEAA?AW4RetVal@2@AEBVTriMesh@2@MAEAV?$vector@HV?$allocator@H@std@@@std@@@Z,0.9
19,Sn3DDentalAI.dll,IntraoralScan/Bin/Sn3DDentalAI.dll,3677184,ai_analysis,50,2025-08-15 16:26:50,0.7,?generate_multi_view_labels@DentalDesktopSemanticSegment@Sn3DAlgorithm@@QEAA?AW4RetVal@2@AEBVTriMesh@2@0HHAEAV?$vector@VMat@cv@@V?$allocator@VMat@cv@@@std@@@std@@11@Z,0.9
19,Sn3DDentalAI.dll,IntraoralScan/Bin/Sn3DDentalAI.dll,3677184,ai_analysis,50,2025-08-15 16:26:50,0.7,?generate_multi_view_labels@DentalSemanticSegment@Sn3DAlgorithm@@QEAA?AW4RetVal@2@AEBVTriMesh@2@0HHAEAV?$vector@VMat@cv@@V?$allocator@VMat@cv@@@std@@@std@@11@Z,0.9
19,Sn3DDentalAI.dll,IntraoralScan/Bin/Sn3DDentalAI.dll,3677184,ai_analysis,50,2025-08-15 16:26:50,0.7,?get_oral_examination_segment_for_child_opt@DentalDetectionThreadSafe@Sn3DAlgorithm@@QEAA?AUOralExaminationSegmentOpt@2@XZ,0.9
19,Sn3DDentalAI.dll,IntraoralScan/Bin/Sn3DDentalAI.dll,3677184,ai_analysis,50,2025-08-15 16:26:50,0.7,?get_oral_examination_segment_for_child_opt@DentalDetectionThreadSafeManager@Sn3DAlgorithm@@QEAA?AUOralExaminationSegmentOpt@2@XZ,0.9
19,Sn3DDentalAI.dll,IntraoralScan/Bin/Sn3DDentalAI.dll,3677184,ai_analysis,50,2025-08-15 16:26:50,0.7,?get_oral_examination_segment_opt@DentalDetectionThreadSafe@Sn3DAlgorithm@@QEAA?AUOralExaminationSegmentOpt@2@XZ,0.9
19,Sn3DDentalAI.dll,IntraoralScan/Bin/Sn3DDentalAI.dll,3677184,ai_analysis,50,2025-08-15 16:26:50,0.7,?get_oral_examination_segment_opt@DentalDetectionThreadSafeManager@Sn3DAlgorithm@@QEAA?AUOralExaminationSegmentOpt@2@XZ,0.9
19,Sn3DDentalAI.dll,IntraoralScan/Bin/Sn3DDentalAI.dll,3677184,ai_analysis,50,2025-08-15 16:26:50,0.7,?initialize_dental_desktop_semantic_segment_for_gl@DentalDetectionThreadSafe@Sn3DAlgorithm@@QEAA?AW4RetVal@2@XZ,0.9
19,Sn3DDentalAI.dll,IntraoralScan/Bin/Sn3DDentalAI.dll,3677184,ai_analysis,50,2025-08-15 16:26:50,0.7,?initialize_dental_desktop_semantic_segment_for_gl@DentalDetectionThreadSafeManager@Sn3DAlgorithm@@QEAA?AW4RetVal@2@XZ,0.9
19,Sn3DDentalAI.dll,IntraoralScan/Bin/Sn3DDentalAI.dll,3677184,ai_analysis,50,2025-08-15 16:26:50,0.7,?initialize_dental_instance_segment_for_gl@DentalDetectionThreadSafe@Sn3DAlgorithm@@QEAA?AW4RetVal@2@XZ,0.9
19,Sn3DDentalAI.dll,IntraoralScan/Bin/Sn3DDentalAI.dll,3677184,ai_analysis,50,2025-08-15 16:26:50,0.7,?initialize_dental_instance_segment_for_gl@DentalDetectionThreadSafeManager@Sn3DAlgorithm@@QEAA?AW4RetVal@2@XZ,0.9
19,Sn3DDentalAI.dll,IntraoralScan/Bin/Sn3DDentalAI.dll,3677184,ai_analysis,50,2025-08-15 16:26:50,0.7,?initialize_dental_semantic_segment_for_gl@DentalDetectionThreadSafe@Sn3DAlgorithm@@QEAA?AW4RetVal@2@XZ,0.9
19,Sn3DDentalAI.dll,IntraoralScan/Bin/Sn3DDentalAI.dll,3677184,ai_analysis,50,2025-08-15 16:26:50,0.7,?initialize_dental_semantic_segment_for_gl@DentalDetectionThreadSafeManager@Sn3DAlgorithm@@QEAA?AW4RetVal@2@XZ,0.9
19,Sn3DDentalAI.dll,IntraoralScan/Bin/Sn3DDentalAI.dll,3677184,ai_analysis,50,2025-08-15 16:26:50,0.7,?initialize_oral_examination_segment@DentalDetectionThreadSafe@Sn3DAlgorithm@@QEAA?AW4RetVal@2@AEBV?$basic_string@DU?$char_traits@D@std@@V?$allocator@D@2@@std@@AEBUOralExaminationSegmentOpt@2@@Z,0.9
19,Sn3DDentalAI.dll,IntraoralScan/Bin/Sn3DDentalAI.dll,3677184,ai_analysis,50,2025-08-15 16:26:50,0.7,?initialize_oral_examination_segment_two_stage_for_child_for_gl@DentalDetectionThreadSafe@Sn3DAlgorithm@@QEAA?AW4RetVal@2@XZ,0.9
19,Sn3DDentalAI.dll,IntraoralScan/Bin/Sn3DDentalAI.dll,3677184,ai_analysis,50,2025-08-15 16:26:50,0.7,?initialize_oral_examination_segment_two_stage_for_child_for_gl@DentalDetectionThreadSafeManager@Sn3DAlgorithm@@QEAA?AW4RetVal@2@XZ,0.9
19,Sn3DDentalAI.dll,IntraoralScan/Bin/Sn3DDentalAI.dll,3677184,ai_analysis,50,2025-08-15 16:26:50,0.7,?initialize_oral_examination_segment_two_stage_for_gl@DentalDetectionThreadSafe@Sn3DAlgorithm@@QEAA?AW4RetVal@2@XZ,0.9
19,Sn3DDentalAI.dll,IntraoralScan/Bin/Sn3DDentalAI.dll,3677184,ai_analysis,50,2025-08-15 16:26:50,0.7,?ridge_semantic_segment@DentalDetectionThreadSafeManager@Sn3DAlgorithm@@QEAA?AW4RetVal@2@AEBVTriMesh@2@AEAV?$vector@HV?$allocator@H@std@@@std@@@Z,0.9999999999999999
19,Sn3DDentalAI.dll,IntraoralScan/Bin/Sn3DDentalAI.dll,3677184,ai_analysis,50,2025-08-15 16:26:50,0.7,D:\Jenkins\workspace\SnAlgDeepLearning\DeepLearning\Sn3DDentalAI\DentalDetection\OralExaminationSegmentTwoStage.cpp,0.9
19,Sn3DDentalAI.dll,IntraoralScan/Bin/Sn3DDentalAI.dll,3677184,ai_analysis,50,2025-08-15 16:26:50,0.7,Sn3DAlgorithm::DentalDetectionThreadSafe::oral_examination_segment_two_stage::<lambda_3a38b6d0b29a1d3f543ad060fe1a2fb4>::operator (),1.0
19,Sn3DDentalAI.dll,IntraoralScan/Bin/Sn3DDentalAI.dll,3677184,ai_analysis,50,2025-08-15 16:26:50,0.7,Sn3DAlgorithm::DentalDetectionThreadSafe::oral_examination_segment_two_stage::<lambda_6b9326a35a2e2349cc37f6c7ddc32d92>::operator (),1.0
19,Sn3DDentalAI.dll,IntraoralScan/Bin/Sn3DDentalAI.dll,3677184,ai_analysis,50,2025-08-15 16:26:50,0.7,Sn3DAlgorithm::DentalDetectionThreadSafe::oral_examination_segment_two_stage::<lambda_a7ced1b2499e5b87583690666b35cc9a>::operator (),1.0
19,Sn3DDentalAI.dll,IntraoralScan/Bin/Sn3DDentalAI.dll,3677184,ai_analysis,50,2025-08-15 16:26:50,0.7,Sn3DAlgorithm::DentalDetectionThreadSafe::oral_examination_segment_two_stage_for_child::<lambda_a63dc2c77e4520edca7f55cd6a3444b6>::operator (),1.0
19,Sn3DDentalAI.dll,IntraoralScan/Bin/Sn3DDentalAI.dll,3677184,ai_analysis,50,2025-08-15 16:26:50,0.7,Sn3DAlgorithm::DentalDetectionThreadSafe::oral_examination_segment_two_stage_for_child::<lambda_a7f69706f9a1ffb659cab0921055b154>::operator (),1.0
19,Sn3DDentalAI.dll,IntraoralScan/Bin/Sn3DDentalAI.dll,3677184,ai_analysis,50,2025-08-15 16:26:50,0.7,Sn3DAlgorithm::DentalInstanceSegment::check_mesh,1.0
19,Sn3DDentalAI.dll,IntraoralScan/Bin/Sn3DDentalAI.dll,3677184,ai_analysis,50,2025-08-15 16:26:50,0.7,\D:\Jenkins\workspace\SnAlgDeepLearning\DeepLearning\Sn3DDentalAI\DentalDetection\DentalInstanceSegment.cpp,0.9
19,Sn3DDentalAI.dll,IntraoralScan/Bin/Sn3DDentalAI.dll,3677184,ai_analysis,50,2025-08-15 16:26:50,0.7,\D:\Jenkins\workspace\SnAlgDeepLearning\DeepLearning\Sn3DDentalAI\DentalDetection\OralExaminationSegmentTwoStage.cpp,0.9
19,Sn3DDentalAI.dll,IntraoralScan/Bin/Sn3DDentalAI.dll,3677184,ai_analysis,50,2025-08-15 16:26:50,0.7,\D:\Jenkins\workspace\SnAlgDeepLearning\DeepLearning\Sn3DDentalAI\DentalDetection\ToothKeyPointDetect.cpp,0.9
44,Sn3DDentalAICBCTSeg.dll,IntraoralScan/Bin/Sn3DDentalAICBCTSeg.dll,4811264,unknown,0,2025-08-15 16:27:05,0.35,,
1,Sn3DDentalAbutmentCloudDet.dll,IntraoralScan/Bin/Sn3DDentalAbutmentCloudDet.dll,1023488,unknown,0,2025-08-15 16:26:47,0.35,,
35,Sn3DDentalBoxDet.dll,IntraoralScan/Bin/Sn3DDentalBoxDet.dll,640512,ai_analysis,0,2025-08-15 16:26:54,0.35,,
41,Sn3DDentalDesktop.dll,IntraoralScan/Bin/Sn3DDentalDesktop.dll,3327488,dental_specific,0,2025-08-15 16:26:57,0.35,,
6,Sn3DDentalGeometryFeatureDet.dll,IntraoralScan/Bin/Sn3DDentalGeometryFeatureDet.dll,1244160,unknown,0,2025-08-15 16:26:48,0.35,,
38,Sn3DDentalMeshParameterize.dll,IntraoralScan/Bin/Sn3DDentalMeshParameterize.dll,16896,unknown,0,2025-08-15 16:26:55,0.35,,
33,Sn3DDentalOral.dll,IntraoralScan/Bin/Sn3DDentalOral.dll,316416,dental_specific,0,2025-08-15 16:26:54,0.35,,
48,Sn3DDentalOralCls.dll,IntraoralScan/Bin/Sn3DDentalOralCls.dll,902144,ai_analysis,0,2025-08-15 16:27:06,0.35,,
2,Sn3DDentalRealTimeSemSeg.dll,IntraoralScan/Bin/Sn3DDentalRealTimeSemSeg.dll,975360,ai_analysis,0,2025-08-15 16:26:47,0.35,,
5,Sn3DDigital.dll,IntraoralScan/Bin/Sn3DDigital.dll,7693824,unknown,0,2025-08-15 16:26:48,0.35,,
47,Sn3DDraco.dll,IntraoralScan/Bin/Sn3DDraco.dll,732160,mesh_processing,0,2025-08-15 16:27:06,0.35,,
30,Sn3DFace.dll,IntraoralScan/Bin/Sn3DFace.dll,1089536,visualization,0,2025-08-15 16:26:53,0.35,,
25,Sn3DFaceParsing.dll,IntraoralScan/Bin/Sn3DFaceParsing.dll,1699840,unknown,0,2025-08-15 16:26:52,0.35,,
20,Sn3DFaceScan.dll,IntraoralScan/Bin/Sn3DFaceScan.dll,5726720,unknown,0,2025-08-15 16:26:50,0.35,,
24,Sn3DFaceUnity.dll,IntraoralScan/Bin/Sn3DFaceUnity.dll,1034240,visualization,0,2025-08-15 16:26:52,0.35,,
26,Sn3DGeometricTrackFusion.dll,IntraoralScan/Bin/Sn3DGeometricTrackFusion.dll,3393536,unknown,0,2025-08-15 16:26:52,0.35,,
8,Sn3DInfraredCariesDet.dll,IntraoralScan/Bin/Sn3DInfraredCariesDet.dll,1324544,ai_analysis,0,2025-08-15 16:26:48,0.35,,
31,Sn3DInspect.dll,IntraoralScan/Bin/Sn3DInspect.dll,2688512,unknown,0,2025-08-15 16:26:53,0.35,,
22,Sn3DInspection.dll,IntraoralScan/Bin/Sn3DInspection.dll,3462144,unknown,0,2025-08-15 16:26:51,0.35,,
12,Sn3DLandmarksDetForCli.dll,IntraoralScan/Bin/Sn3DLandmarksDetForCli.dll,1229312,ai_analysis,0,2025-08-15 16:26:48,0.35,,
39,Sn3DLineCode.dll,IntraoralScan/Bin/Sn3DLineCode.dll,13480448,unknown,0,2025-08-15 16:26:56,0.35,,
36,Sn3DMagic.dll,IntraoralScan/Bin/Sn3DMagic.dll,14639104,mesh_processing,50,2025-08-15 16:26:55,0.7,?clip_points@RealTimeFusionCloudHelperCuda@Sn3DAlgorithm@@QEAA?AW4RetVal@2@AEBV?$Matrix@N$02$00$0A@$02$00@Eigen@@0@Z,0.9500000000000001
36,Sn3DMagic.dll,IntraoralScan/Bin/Sn3DMagic.dll,14639104,mesh_processing,50,2025-08-15 16:26:55,0.7,?download_redundance_mesh@RealTimeFusionCloudHelperCuda@Sn3DAlgorithm@@QEAA?AW4RetVal@2@AEAUGpuFusionResult@2@@Z,0.9500000000000001
36,Sn3DMagic.dll,IntraoralScan/Bin/Sn3DMagic.dll,14639104,mesh_processing,50,2025-08-15 16:26:55,0.7,?fusion_mesh@RealTimeImageFusionHelperCuda@Sn3DAlgorithm@@QEAAXAEBVCloud@2@AEAV?$vector@MV?$allocator@M@std@@@std@@AEAVRigidMatrix@2@@Z,0.9500000000000001
36,Sn3DMagic.dll,IntraoralScan/Bin/Sn3DMagic.dll,14639104,mesh_processing,50,2025-08-15 16:26:55,0.7,?fusion_mesh_with_weight@RealTimeFusionCloudHelperCuda@Sn3DAlgorithm@@QEAA?AVRigidMatrix@2@AEBVCloud@2@00AEBV32@@Z,0.9500000000000001
36,Sn3DMagic.dll,IntraoralScan/Bin/Sn3DMagic.dll,14639104,mesh_processing,50,2025-08-15 16:26:55,0.7,?fusion_mesh_with_weight@RealTimeFusionCloudHelperCuda@Sn3DAlgorithm@@QEAA?AVRigidMatrix@2@AEBVCloud@2@00AEBV32@AEAW4GPUFusionRetVal@12@@Z,0.9500000000000001
36,Sn3DMagic.dll,IntraoralScan/Bin/Sn3DMagic.dll,14639104,mesh_processing,50,2025-08-15 16:26:55,0.7,?fusion_mesh_with_weight@RealTimeFusionCloudHelperCuda@Sn3DAlgorithm@@QEAA?AVRigidMatrix@2@AEBVCloudWithWeight@2@AEBVCloud@2@1AEBV32@@Z,0.9500000000000001
36,Sn3DMagic.dll,IntraoralScan/Bin/Sn3DMagic.dll,14639104,mesh_processing,50,2025-08-15 16:26:55,0.7,?fusion_mesh_with_weight_without_registration@RealTimeFusionCloudHelperCuda@Sn3DAlgorithm@@QEAA?AVRigidMatrix@2@AEBVCloud@2@00AEBV32@@Z,0.9500000000000001
36,Sn3DMagic.dll,IntraoralScan/Bin/Sn3DMagic.dll,14639104,mesh_processing,50,2025-08-15 16:26:55,0.7,?fusion_one_cloud_with_ptImg@RealTimeFusionCloudHelperCuda@Sn3DAlgorithm@@QEAAXAEBVCloud@2@AEBVPointImage@2@AEBVRigidMatrix@2@@Z,0.9500000000000001
36,Sn3DMagic.dll,IntraoralScan/Bin/Sn3DMagic.dll,14639104,mesh_processing,50,2025-08-15 16:26:55,0.7,?fusion_one_laser_with_ptImg@RealTimeFusionCloudHelperCuda@Sn3DAlgorithm@@QEAAXAEBVCloud@2@AEBVPointImage@2@AEBVRigidMatrix@2@@Z,0.9500000000000001
36,Sn3DMagic.dll,IntraoralScan/Bin/Sn3DMagic.dll,14639104,mesh_processing,50,2025-08-15 16:26:55,0.7,?get_generate_mesh_mem@RealTimeFusionCloudHelperCuda@Sn3DAlgorithm@@QEAA?AW4RetVal@2@AEAH@Z,0.9500000000000001
36,Sn3DMagic.dll,IntraoralScan/Bin/Sn3DMagic.dll,14639104,mesh_processing,50,2025-08-15 16:26:55,0.7,?get_generate_mesh_mem@RealTimeFusionCloudHelperCuda@Sn3DAlgorithm@@QEAA?AW4RetVal@2@AEAUMemEstimationInfo@2@@Z,0.9500000000000001
36,Sn3DMagic.dll,IntraoralScan/Bin/Sn3DMagic.dll,14639104,mesh_processing,50,2025-08-15 16:26:55,0.7,?get_mesh_pkg@RealTimeFusionCloudHelperCuda@Sn3DAlgorithm@@QEAAXPEAPEAXAEAH@Z,0.9500000000000001
36,Sn3DMagic.dll,IntraoralScan/Bin/Sn3DMagic.dll,14639104,mesh_processing,50,2025-08-15 16:26:55,0.7,?get_mesh_pkg_with_weight@RealTimeFusionCloudHelperCuda@Sn3DAlgorithm@@QEAAXPEAPEAX0AEAH@Z,0.9500000000000001
36,Sn3DMagic.dll,IntraoralScan/Bin/Sn3DMagic.dll,14639104,mesh_processing,50,2025-08-15 16:26:55,0.7,?get_mesh_pkg_with_weight@RealTimeFusionCloudHelperCuda@Sn3DAlgorithm@@QEAAXPEAPEAXAEAH@Z,0.9500000000000001
36,Sn3DMagic.dll,IntraoralScan/Bin/Sn3DMagic.dll,14639104,mesh_processing,50,2025-08-15 16:26:55,0.7,?get_mesh_topo_pkg@RealTimeFusionCloudHelperCuda@Sn3DAlgorithm@@QEAAXPEAPEAXAEAI1@Z,0.9500000000000001
36,Sn3DMagic.dll,IntraoralScan/Bin/Sn3DMagic.dll,14639104,mesh_processing,50,2025-08-15 16:26:55,0.7,?get_whole_mesh@RealTimeFusionCloudHelperCuda@Sn3DAlgorithm@@QEAAXAEAVBaseTriMesh@2@_N@Z,0.9500000000000001
36,Sn3DMagic.dll,IntraoralScan/Bin/Sn3DMagic.dll,14639104,mesh_processing,50,2025-08-15 16:26:55,0.7,?get_whole_mesh_in_host@RealTimeFusionCloudHelperCuda@Sn3DAlgorithm@@QEAAXAEAVBaseTriMesh@2@@Z,0.9500000000000001
36,Sn3DMagic.dll,IntraoralScan/Bin/Sn3DMagic.dll,14639104,mesh_processing,50,2025-08-15 16:26:55,0.7,?ray_casting@RealTimeFusionCloudHelperCuda@Sn3DAlgorithm@@QEAAXAEBVPointImage@2@AEBVRigidMatrix@2@AEAV32@@Z,0.9500000000000001
36,Sn3DMagic.dll,IntraoralScan/Bin/Sn3DMagic.dll,14639104,mesh_processing,50,2025-08-15 16:26:55,0.7,Sn3DAlgorithm::RealTimeFusionCloudHelperCuda::RealTimeFusionCloudHelperCuda,0.95
36,Sn3DMagic.dll,IntraoralScan/Bin/Sn3DMagic.dll,14639104,mesh_processing,50,2025-08-15 16:26:55,0.7,Sn3DAlgorithm::RealTimeFusionCloudHelperCuda::clip_points,1.0
36,Sn3DMagic.dll,IntraoralScan/Bin/Sn3DMagic.dll,14639104,mesh_processing,50,2025-08-15 16:26:55,0.7,Sn3DAlgorithm::RealTimeFusionCloudHelperCuda::delete_grid_point_by_save_cloud,1.0
36,Sn3DMagic.dll,IntraoralScan/Bin/Sn3DMagic.dll,14639104,mesh_processing,50,2025-08-15 16:26:55,0.7,Sn3DAlgorithm::RealTimeFusionCloudHelperCuda::delete_grid_point_by_select_faces,1.0
36,Sn3DMagic.dll,IntraoralScan/Bin/Sn3DMagic.dll,14639104,mesh_processing,50,2025-08-15 16:26:55,0.7,Sn3DAlgorithm::RealTimeFusionCloudHelperCuda::delete_grid_point_by_select_points,1.0
36,Sn3DMagic.dll,IntraoralScan/Bin/Sn3DMagic.dll,14639104,mesh_processing,50,2025-08-15 16:26:55,0.7,Sn3DAlgorithm::RealTimeFusionCloudHelperCuda::download_redundance_mesh,1.0
36,Sn3DMagic.dll,IntraoralScan/Bin/Sn3DMagic.dll,14639104,mesh_processing,50,2025-08-15 16:26:55,0.7,Sn3DAlgorithm::RealTimeFusionCloudHelperCuda::fusion_cloud_with_weight,0.95
36,Sn3DMagic.dll,IntraoralScan/Bin/Sn3DMagic.dll,14639104,mesh_processing,50,2025-08-15 16:26:55,0.7,Sn3DAlgorithm::RealTimeFusionCloudHelperCuda::fusion_mesh_with_weight,1.0
36,Sn3DMagic.dll,IntraoralScan/Bin/Sn3DMagic.dll,14639104,mesh_processing,50,2025-08-15 16:26:55,0.7,Sn3DAlgorithm::RealTimeFusionCloudHelperCuda::fusion_mesh_with_weight_without_registration,1.0
36,Sn3DMagic.dll,IntraoralScan/Bin/Sn3DMagic.dll,14639104,mesh_processing,50,2025-08-15 16:26:55,0.7,Sn3DAlgorithm::RealTimeFusionCloudHelperCuda::fusion_one_cloud_with_ptImg,0.95
36,Sn3DMagic.dll,IntraoralScan/Bin/Sn3DMagic.dll,14639104,mesh_processing,50,2025-08-15 16:26:55,0.7,Sn3DAlgorithm::RealTimeFusionCloudHelperCuda::fusion_one_frame,0.95
36,Sn3DMagic.dll,IntraoralScan/Bin/Sn3DMagic.dll,14639104,mesh_processing,50,2025-08-15 16:26:55,0.7,Sn3DAlgorithm::RealTimeFusionCloudHelperCuda::fusion_one_laser_with_ptImg,0.95
36,Sn3DMagic.dll,IntraoralScan/Bin/Sn3DMagic.dll,14639104,mesh_processing,50,2025-08-15 16:26:55,0.7,Sn3DAlgorithm::RealTimeFusionCloudHelperCuda::get_cloud_pkg,0.95
36,Sn3DMagic.dll,IntraoralScan/Bin/Sn3DMagic.dll,14639104,mesh_processing,50,2025-08-15 16:26:55,0.7,Sn3DAlgorithm::RealTimeFusionCloudHelperCuda::get_fn,0.95
36,Sn3DMagic.dll,IntraoralScan/Bin/Sn3DMagic.dll,14639104,mesh_processing,50,2025-08-15 16:26:55,0.7,Sn3DAlgorithm::RealTimeFusionCloudHelperCuda::get_fusion_info,0.95
36,Sn3DMagic.dll,IntraoralScan/Bin/Sn3DMagic.dll,14639104,mesh_processing,50,2025-08-15 16:26:55,0.7,Sn3DAlgorithm::RealTimeFusionCloudHelperCuda::get_generate_mesh_mem,1.0
36,Sn3DMagic.dll,IntraoralScan/Bin/Sn3DMagic.dll,14639104,mesh_processing,50,2025-08-15 16:26:55,0.7,Sn3DAlgorithm::RealTimeFusionCloudHelperCuda::get_is_enough_mem_for_gen_cld,0.95
36,Sn3DMagic.dll,IntraoralScan/Bin/Sn3DMagic.dll,14639104,mesh_processing,50,2025-08-15 16:26:55,0.7,Sn3DAlgorithm::RealTimeFusionCloudHelperCuda::get_mesh_pkg,1.0
36,Sn3DMagic.dll,IntraoralScan/Bin/Sn3DMagic.dll,14639104,mesh_processing,50,2025-08-15 16:26:55,0.7,Sn3DAlgorithm::RealTimeFusionCloudHelperCuda::get_mesh_pkg_with_weight,1.0
36,Sn3DMagic.dll,IntraoralScan/Bin/Sn3DMagic.dll,14639104,mesh_processing,50,2025-08-15 16:26:55,0.7,Sn3DAlgorithm::RealTimeFusionCloudHelperCuda::get_mesh_topo_pkg,1.0
36,Sn3DMagic.dll,IntraoralScan/Bin/Sn3DMagic.dll,14639104,mesh_processing,50,2025-08-15 16:26:55,0.7,Sn3DAlgorithm::RealTimeFusionCloudHelperCuda::get_vn,0.95
36,Sn3DMagic.dll,IntraoralScan/Bin/Sn3DMagic.dll,14639104,mesh_processing,50,2025-08-15 16:26:55,0.7,Sn3DAlgorithm::RealTimeFusionCloudHelperCuda::get_whole_cloud,0.95
36,Sn3DMagic.dll,IntraoralScan/Bin/Sn3DMagic.dll,14639104,mesh_processing,50,2025-08-15 16:26:55,0.7,Sn3DAlgorithm::RealTimeFusionCloudHelperCuda::get_whole_mesh,1.0
36,Sn3DMagic.dll,IntraoralScan/Bin/Sn3DMagic.dll,14639104,mesh_processing,50,2025-08-15 16:26:55,0.7,Sn3DAlgorithm::RealTimeFusionCloudHelperCuda::get_whole_mesh_in_host,1.0
36,Sn3DMagic.dll,IntraoralScan/Bin/Sn3DMagic.dll,14639104,mesh_processing,50,2025-08-15 16:26:55,0.7,Sn3DAlgorithm::RealTimeFusionCloudHelperCuda::integrate_has_normal,0.95
36,Sn3DMagic.dll,IntraoralScan/Bin/Sn3DMagic.dll,14639104,mesh_processing,50,2025-08-15 16:26:55,0.7,Sn3DAlgorithm::RealTimeFusionCloudHelperCuda::map_on_frame_delete_point,1.0
36,Sn3DMagic.dll,IntraoralScan/Bin/Sn3DMagic.dll,14639104,mesh_processing,50,2025-08-15 16:26:55,0.7,Sn3DAlgorithm::RealTimeFusionCloudHelperCuda::release,0.95
36,Sn3DMagic.dll,IntraoralScan/Bin/Sn3DMagic.dll,14639104,mesh_processing,50,2025-08-15 16:26:55,0.7,Sn3DAlgorithm::RealTimeFusionCloudHelperCuda::set_early_show,0.95
36,Sn3DMagic.dll,IntraoralScan/Bin/Sn3DMagic.dll,14639104,mesh_processing,50,2025-08-15 16:26:55,0.7,Sn3DAlgorithm::RealTimeFusionCloudHelperCuda::sync_to_vulkan_instance,0.95
36,Sn3DMagic.dll,IntraoralScan/Bin/Sn3DMagic.dll,14639104,mesh_processing,50,2025-08-15 16:26:55,0.7,Sn3DAlgorithm::RealTimeFusionCloudHelperCuda::update_fusion_info,0.95
36,Sn3DMagic.dll,IntraoralScan/Bin/Sn3DMagic.dll,14639104,mesh_processing,50,2025-08-15 16:26:55,0.7,Sn3DAlgorithm::RealTimeFusionCloudHelperCuda::update_near_far_scalar,0.95
36,Sn3DMagic.dll,IntraoralScan/Bin/Sn3DMagic.dll,14639104,mesh_processing,50,2025-08-15 16:26:55,0.7,Sn3DAlgorithm::RealTimeFusionCloudHelperCuda::~RealTimeFusionCloudHelperCuda,0.95
7,Sn3DOralExamCCP.dll,IntraoralScan/Bin/Sn3DOralExamCCP.dll,1334272,unknown,0,2025-08-15 16:26:48,0.35,,
13,Sn3DOralExamResidualCrown.dll,IntraoralScan/Bin/Sn3DOralExamResidualCrown.dll,1368064,unknown,0,2025-08-15 16:26:49,0.35,,
9,Sn3DOralExamWedgeDefect.dll,IntraoralScan/Bin/Sn3DOralExamWedgeDefect.dll,1359872,unknown,0,2025-08-15 16:26:48,0.35,,
49,Sn3DOrthoEx.dll,IntraoralScan/Bin/Sn3DOrthoEx.dll,10037760,dental_specific,0,2025-08-15 16:27:06,0.35,,
29,Sn3DPhaseBuild.dll,IntraoralScan/Bin/Sn3DPhaseBuild.dll,4809728,fusion,0,2025-08-15 16:26:53,0.35,,
15,Sn3DPhotometricStereo.dll,IntraoralScan/Bin/Sn3DPhotometricStereo.dll,1288192,acquisition,0,2025-08-15 16:26:49,0.35,,
18,Sn3DRealtimeScan.dll,IntraoralScan/Bin/Sn3DRealtimeScan.dll,9862144,acquisition,50,2025-08-15 16:26:50,0.7,Sn3DAlgorithm::CloudManipulation::filter_cloud_data_using_pointimage,0.7999999999999999
18,Sn3DRealtimeScan.dll,IntraoralScan/Bin/Sn3DRealtimeScan.dll,9862144,acquisition,50,2025-08-15 16:26:50,0.7,Sn3DAlgorithm::CloudManipulation::filter_pointimage_using_cloud_data,0.7999999999999999
18,Sn3DRealtimeScan.dll,IntraoralScan/Bin/Sn3DRealtimeScan.dll,9862144,acquisition,50,2025-08-15 16:26:50,0.7,Sn3DAlgorithm::CloudManipulation::map_cloud_ai_2_pointimage,0.7999999999999999
18,Sn3DRealtimeScan.dll,IntraoralScan/Bin/Sn3DRealtimeScan.dll,9862144,acquisition,50,2025-08-15 16:26:50,0.7,Sn3DAlgorithm::CloudManipulation::map_pointimage_ai_2_cloud,0.7999999999999999
18,Sn3DRealtimeScan.dll,IntraoralScan/Bin/Sn3DRealtimeScan.dll,9862144,acquisition,50,2025-08-15 16:26:50,0.7,Sn3DAlgorithm::CloudVertexGetColor::model_reproject_for_point_color_multi_times,0.7999999999999999
18,Sn3DRealtimeScan.dll,IntraoralScan/Bin/Sn3DRealtimeScan.dll,9862144,acquisition,50,2025-08-15 16:26:50,0.7,Sn3DAlgorithm::ExpandMarchingCube<struct Sn3DAlgorithm::Fusion::LeafTeethLoad>::get_cloud_cubeId_tbb_using_ai,0.7999999999999999
18,Sn3DRealtimeScan.dll,IntraoralScan/Bin/Sn3DRealtimeScan.dll,9862144,acquisition,50,2025-08-15 16:26:50,0.7,Sn3DAlgorithm::ExpandMarchingCube<struct Sn3DAlgorithm::Fusion::UpSampleLeafData>::get_cloud_cubeId_tbb_using_ai,0.7999999999999999
18,Sn3DRealtimeScan.dll,IntraoralScan/Bin/Sn3DRealtimeScan.dll,9862144,acquisition,50,2025-08-15 16:26:50,0.7,Sn3DAlgorithm::Fusion::FusionAttach<struct Sn3DAlgorithm::IntraoralScan::LeafTSDFTeeth>::delete_seletced_point_mesh,0.9
18,Sn3DRealtimeScan.dll,IntraoralScan/Bin/Sn3DRealtimeScan.dll,9862144,acquisition,50,2025-08-15 16:26:50,0.7,Sn3DAlgorithm::Fusion::FusionTrack::fusion_nonrigid_delete_points_gpu,0.95
18,Sn3DRealtimeScan.dll,IntraoralScan/Bin/Sn3DRealtimeScan.dll,9862144,acquisition,50,2025-08-15 16:26:50,0.7,Sn3DAlgorithm::Fusion::FusionTrackCuda::OnlyTrackOneFrame,0.8500000000000001
18,Sn3DRealtimeScan.dll,IntraoralScan/Bin/Sn3DRealtimeScan.dll,9862144,acquisition,50,2025-08-15 16:26:50,0.7,Sn3DAlgorithm::Fusion::FusionTrackCuda::TrackOneFrame,0.8500000000000001
18,Sn3DRealtimeScan.dll,IntraoralScan/Bin/Sn3DRealtimeScan.dll,9862144,acquisition,50,2025-08-15 16:26:50,0.7,Sn3DAlgorithm::Fusion::FusionTsdfMuliResolution<struct Sn3DAlgorithm::Fusion::MultiLeafTsdf>::muli_octree_integrate_tsdfvolume_for_mesh,0.7999999999999999
18,Sn3DRealtimeScan.dll,IntraoralScan/Bin/Sn3DRealtimeScan.dll,9862144,acquisition,50,2025-08-15 16:26:50,0.7,Sn3DAlgorithm::Fusion::MeshForParall::add_and_getnum_cloud,0.9
18,Sn3DRealtimeScan.dll,IntraoralScan/Bin/Sn3DRealtimeScan.dll,9862144,acquisition,50,2025-08-15 16:26:50,0.7,Sn3DAlgorithm::Fusion::MeshForParall::add_and_getnum_face,0.7999999999999999
18,Sn3DRealtimeScan.dll,IntraoralScan/Bin/Sn3DRealtimeScan.dll,9862144,acquisition,50,2025-08-15 16:26:50,0.7,Sn3DAlgorithm::Fusion::MeshForParall::add_and_getnum_vert,0.7999999999999999
18,Sn3DRealtimeScan.dll,IntraoralScan/Bin/Sn3DRealtimeScan.dll,9862144,acquisition,50,2025-08-15 16:26:50,0.7,Sn3DAlgorithm::Fusion::Realtime_Marching_Cube<struct Sn3DAlgorithm::IntraoralScan::LeafTSDFTeeth>::get_show_data_mesh,0.7999999999999999
18,Sn3DRealtimeScan.dll,IntraoralScan/Bin/Sn3DRealtimeScan.dll,9862144,acquisition,50,2025-08-15 16:26:50,0.7,Sn3DAlgorithm::Fusion::fusion_all_frame_cylinder_process_leaf_teeth,0.7999999999999999
18,Sn3DRealtimeScan.dll,IntraoralScan/Bin/Sn3DRealtimeScan.dll,9862144,acquisition,50,2025-08-15 16:26:50,0.7,Sn3DAlgorithm::FusionTrackManagerNameSpace::FusionHelperCloudVertexColor::model_reproject_for_point_color_multi_times,0.9
18,Sn3DRealtimeScan.dll,IntraoralScan/Bin/Sn3DRealtimeScan.dll,9862144,acquisition,50,2025-08-15 16:26:50,0.7,Sn3DAlgorithm::FusionTrackManagerNameSpace::FusionHelperDeleteFrame::ref_cloud_sync_single_frame,0.7999999999999999
18,Sn3DRealtimeScan.dll,IntraoralScan/Bin/Sn3DRealtimeScan.dll,9862144,acquisition,50,2025-08-15 16:26:50,0.7,Sn3DAlgorithm::FusionTrackManagerNameSpace::FusionHelperInfoMapping::ref_cloud_sync_single_frame,0.7999999999999999
18,Sn3DRealtimeScan.dll,IntraoralScan/Bin/Sn3DRealtimeScan.dll,9862144,acquisition,50,2025-08-15 16:26:50,0.7,Sn3DAlgorithm::FusionTrackManagerNameSpace::FusionHelperInfoMapping::set_ref_cloud,0.7999999999999999
18,Sn3DRealtimeScan.dll,IntraoralScan/Bin/Sn3DRealtimeScan.dll,9862144,acquisition,50,2025-08-15 16:26:50,0.7,Sn3DAlgorithm::FusionTrackManagerNameSpace::FusionHelperTSDF::get_mesh,0.7999999999999999
18,Sn3DRealtimeScan.dll,IntraoralScan/Bin/Sn3DRealtimeScan.dll,9862144,acquisition,50,2025-08-15 16:26:50,0.7,Sn3DAlgorithm::FusionTrackManagerNameSpace::LDNIGridField::construct_field_use_cloud,0.7999999999999999
18,Sn3DRealtimeScan.dll,IntraoralScan/Bin/Sn3DRealtimeScan.dll,9862144,acquisition,50,2025-08-15 16:26:50,0.7,Sn3DAlgorithm::FusionTrackManagerNameSpace::get_mesh_interface,0.7999999999999999
18,Sn3DRealtimeScan.dll,IntraoralScan/Bin/Sn3DRealtimeScan.dll,9862144,acquisition,50,2025-08-15 16:26:50,0.7,Sn3DAlgorithm::FusionTrackManagerNameSpace::octreeField::construct_field_use_cloud,0.7999999999999999
18,Sn3DRealtimeScan.dll,IntraoralScan/Bin/Sn3DRealtimeScan.dll,9862144,acquisition,50,2025-08-15 16:26:50,0.7,Sn3DAlgorithm::FusionTrackManagerNameSpace::ref_cloud_sync_single_frame_interface,0.7999999999999999
18,Sn3DRealtimeScan.dll,IntraoralScan/Bin/Sn3DRealtimeScan.dll,9862144,acquisition,50,2025-08-15 16:26:50,0.7,Sn3DAlgorithm::FusionTrackManagerNameSpace::set_ref_cloud_interface,0.7999999999999999
18,Sn3DRealtimeScan.dll,IntraoralScan/Bin/Sn3DRealtimeScan.dll,9862144,acquisition,50,2025-08-15 16:26:50,0.7,Sn3DAlgorithm::IntraoralScan::TeethSLAM::delete_point_through_disToIso_find_fusionRange,0.7999999999999999
18,Sn3DRealtimeScan.dll,IntraoralScan/Bin/Sn3DRealtimeScan.dll,9862144,acquisition,50,2025-08-15 16:26:50,0.7,Sn3DAlgorithm::IntraoralScan::TeethSLAM::delete_select_point_mesh,0.7999999999999999
18,Sn3DRealtimeScan.dll,IntraoralScan/Bin/Sn3DRealtimeScan.dll,9862144,acquisition,50,2025-08-15 16:26:50,0.7,Sn3DAlgorithm::IntraoralScan::TeethSLAM::delete_select_point_mesh_single,0.7999999999999999
18,Sn3DRealtimeScan.dll,IntraoralScan/Bin/Sn3DRealtimeScan.dll,9862144,acquisition,50,2025-08-15 16:26:50,0.7,Sn3DAlgorithm::IntraoralScan::TeethSLAM::fusion_with_markPoints,0.7999999999999999
18,Sn3DRealtimeScan.dll,IntraoralScan/Bin/Sn3DRealtimeScan.dll,9862144,acquisition,50,2025-08-15 16:26:50,0.7,Sn3DAlgorithm::IntraoralScan::TeethSLAM::high_resolution_fusion_delete_frame_point_through_tsdf,0.7999999999999999
18,Sn3DRealtimeScan.dll,IntraoralScan/Bin/Sn3DRealtimeScan.dll,9862144,acquisition,50,2025-08-15 16:26:50,0.7,Sn3DAlgorithm::IntraoralScan::TeethSlamCuda::fusion_thread_function,0.8500000000000001
18,Sn3DRealtimeScan.dll,IntraoralScan/Bin/Sn3DRealtimeScan.dll,9862144,acquisition,50,2025-08-15 16:26:50,0.7,Sn3DAlgorithm::IntraoralScan::TeethSlamCuda::track_and_fusion_thread_function,0.8500000000000001
18,Sn3DRealtimeScan.dll,IntraoralScan/Bin/Sn3DRealtimeScan.dll,9862144,acquisition,50,2025-08-15 16:26:50,0.7,Sn3DAlgorithm::MultiFusionSplit::arrange_cloud_by_bbox,0.7999999999999999
18,Sn3DRealtimeScan.dll,IntraoralScan/Bin/Sn3DRealtimeScan.dll,9862144,acquisition,50,2025-08-15 16:26:50,0.7,Sn3DAlgorithm::MultiFusionSplit::arrange_cloud_by_bbox_del,0.7999999999999999
18,Sn3DRealtimeScan.dll,IntraoralScan/Bin/Sn3DRealtimeScan.dll,9862144,acquisition,50,2025-08-15 16:26:50,0.7,Sn3DAlgorithm::MultiFusionSplit::compute_bbox_set,0.7999999999999999
18,Sn3DRealtimeScan.dll,IntraoralScan/Bin/Sn3DRealtimeScan.dll,9862144,acquisition,50,2025-08-15 16:26:50,0.7,Sn3DAlgorithm::MultiFusionSplit::compute_shift,0.7999999999999999
18,Sn3DRealtimeScan.dll,IntraoralScan/Bin/Sn3DRealtimeScan.dll,9862144,acquisition,50,2025-08-15 16:26:50,0.7,Sn3DAlgorithm::MultiFusionSplit::mesh_combine,0.7999999999999999
18,Sn3DRealtimeScan.dll,IntraoralScan/Bin/Sn3DRealtimeScan.dll,9862144,acquisition,50,2025-08-15 16:26:50,0.7,Sn3DAlgorithm::MultiFusionSplit::mesh_combine_using_vnrv,0.7999999999999999
18,Sn3DRealtimeScan.dll,IntraoralScan/Bin/Sn3DRealtimeScan.dll,9862144,acquisition,50,2025-08-15 16:26:50,0.7,Sn3DAlgorithm::fusion_all_frame_cylinder_process,0.7999999999999999
18,Sn3DRealtimeScan.dll,IntraoralScan/Bin/Sn3DRealtimeScan.dll,9862144,acquisition,50,2025-08-15 16:26:50,0.7,Sn3DAlgorithm::fusion_all_frame_cylinder_process_with_weight,0.7999999999999999
18,Sn3DRealtimeScan.dll,IntraoralScan/Bin/Sn3DRealtimeScan.dll,9862144,acquisition,50,2025-08-15 16:26:50,0.7,Sn3DAlgorithm::fusion_all_frame_cylinder_process_with_weight_AIInform,0.7999999999999999
18,Sn3DRealtimeScan.dll,IntraoralScan/Bin/Sn3DRealtimeScan.dll,9862144,acquisition,50,2025-08-15 16:26:50,0.7,Sn3DAlgorithm::fusion_nonrigid_delete_points_through_tsdf,0.7999999999999999
18,Sn3DRealtimeScan.dll,IntraoralScan/Bin/Sn3DRealtimeScan.dll,9862144,acquisition,50,2025-08-15 16:26:50,0.7,Sn3DAlgorithm::fusion_nonrigid_gpu_delete_points_through_tsdf,0.95
18,Sn3DRealtimeScan.dll,IntraoralScan/Bin/Sn3DRealtimeScan.dll,9862144,acquisition,50,2025-08-15 16:26:50,0.7,Sn3DAlgorithm::fusion_one_mesh,0.7999999999999999
18,Sn3DRealtimeScan.dll,IntraoralScan/Bin/Sn3DRealtimeScan.dll,9862144,acquisition,50,2025-08-15 16:26:50,0.7,Sn3DAlgorithm::fusion_without_track_applying_gpudeform,0.8500000000000001
18,Sn3DRealtimeScan.dll,IntraoralScan/Bin/Sn3DRealtimeScan.dll,9862144,acquisition,50,2025-08-15 16:26:50,0.7,Sn3DAlgorithm::fusion_without_track_applying_gpudeform_save_deform_result,0.8500000000000001
18,Sn3DRealtimeScan.dll,IntraoralScan/Bin/Sn3DRealtimeScan.dll,9862144,acquisition,50,2025-08-15 16:26:50,0.7,Sn3DAlgorithm::fusion_without_track_applying_gpudeform_set_wight_uplim,0.8500000000000001
18,Sn3DRealtimeScan.dll,IntraoralScan/Bin/Sn3DRealtimeScan.dll,9862144,acquisition,50,2025-08-15 16:26:50,0.7,Sn3DAlgorithm::fusion_without_track_applying_gpudeform_set_wight_uplim_mod_rt,0.8500000000000001
21,Sn3DRegistration.dll,IntraoralScan/Bin/Sn3DRegistration.dll,11133440,registration,50,2025-08-15 16:26:51,0.7,Sn3DAlgorithm::AxisCalib::compute_axis,0.8
21,Sn3DRegistration.dll,IntraoralScan/Bin/Sn3DRegistration.dll,11133440,registration,50,2025-08-15 16:26:51,0.7,Sn3DAlgorithm::CloudType::flush_delete,0.8
21,Sn3DRegistration.dll,IntraoralScan/Bin/Sn3DRegistration.dll,11133440,registration,50,2025-08-15 16:26:51,0.7,Sn3DAlgorithm::DentalArticulation::process,0.8999999999999999
21,Sn3DRegistration.dll,IntraoralScan/Bin/Sn3DRegistration.dll,11133440,registration,50,2025-08-15 16:26:51,0.7,Sn3DAlgorithm::ExtremeNumRegOpt::process,0.8
21,Sn3DRegistration.dll,IntraoralScan/Bin/Sn3DRegistration.dll,11133440,registration,50,2025-08-15 16:26:51,0.7,Sn3DAlgorithm::GlobalFramepointReg::process,0.8999999999999999
21,Sn3DRegistration.dll,IntraoralScan/Bin/Sn3DRegistration.dll,11133440,registration,50,2025-08-15 16:26:51,0.7,Sn3DAlgorithm::LargeRefReg::process,0.8
21,Sn3DRegistration.dll,IntraoralScan/Bin/Sn3DRegistration.dll,11133440,registration,50,2025-08-15 16:26:51,0.7,Sn3DAlgorithm::LaserScanReg::process,0.8
21,Sn3DRegistration.dll,IntraoralScan/Bin/Sn3DRegistration.dll,11133440,registration,50,2025-08-15 16:26:51,0.7,Sn3DAlgorithm::LaserScanReg::process_fix_ref,0.8
21,Sn3DRegistration.dll,IntraoralScan/Bin/Sn3DRegistration.dll,11133440,registration,50,2025-08-15 16:26:51,0.7,Sn3DAlgorithm::LaserScanReg::process_ref_only_no_frame::<lambda_8b1180f38be264c695f7e63caddde5d0>::operator (),0.8
21,Sn3DRegistration.dll,IntraoralScan/Bin/Sn3DRegistration.dll,11133440,registration,50,2025-08-15 16:26:51,0.7,Sn3DAlgorithm::LaserScanReg::process_with_frame,0.8
21,Sn3DRegistration.dll,IntraoralScan/Bin/Sn3DRegistration.dll,11133440,registration,50,2025-08-15 16:26:51,0.7,Sn3DAlgorithm::LaserScanReg::process_with_frame_and_flag,0.8
21,Sn3DRegistration.dll,IntraoralScan/Bin/Sn3DRegistration.dll,11133440,registration,50,2025-08-15 16:26:51,0.7,Sn3DAlgorithm::RefRegistrationUsingLineFeature::process,0.8
21,Sn3DRegistration.dll,IntraoralScan/Bin/Sn3DRegistration.dll,11133440,registration,50,2025-08-15 16:26:51,0.7,Sn3DAlgorithm::RegBaseSLAM::DisplayCloudImp::beautify,0.8
21,Sn3DRegistration.dll,IntraoralScan/Bin/Sn3DRegistration.dll,11133440,registration,50,2025-08-15 16:26:51,0.7,Sn3DAlgorithm::RegBaseSLAM::DisplayCloudImp::delete_isolate_region_imp,0.8
21,Sn3DRegistration.dll,IntraoralScan/Bin/Sn3DRegistration.dll,11133440,registration,50,2025-08-15 16:26:51,0.7,Sn3DAlgorithm::RegBaseSLAM::MainBlockImp::accept_cloud,0.8
21,Sn3DRegistration.dll,IntraoralScan/Bin/Sn3DRegistration.dll,11133440,registration,50,2025-08-15 16:26:51,0.7,Sn3DAlgorithm::RegBaseSLAM::RegBaseSLAMForDental::AddThread::exec,0.8
21,Sn3DRegistration.dll,IntraoralScan/Bin/Sn3DRegistration.dll,11133440,registration,50,2025-08-15 16:26:51,0.7,Sn3DAlgorithm::RegBaseSLAM::RegBaseSLAMForDental::FeatureThread::exec,0.8
21,Sn3DRegistration.dll,IntraoralScan/Bin/Sn3DRegistration.dll,11133440,registration,50,2025-08-15 16:26:51,0.7,Sn3DAlgorithm::RegBaseSLAM::RegBaseSLAMForDental::FeatureTreeThread::exec,0.8
21,Sn3DRegistration.dll,IntraoralScan/Bin/Sn3DRegistration.dll,11133440,registration,50,2025-08-15 16:26:51,0.7,Sn3DAlgorithm::RegBaseSLAM::RegBaseSLAMForDental::MergeThread::exec,0.8
21,Sn3DRegistration.dll,IntraoralScan/Bin/Sn3DRegistration.dll,11133440,registration,50,2025-08-15 16:26:51,0.7,Sn3DAlgorithm::RegBaseSLAM::RegBaseSLAMForDental::RegBaseSLAMForDental,0.8
21,Sn3DRegistration.dll,IntraoralScan/Bin/Sn3DRegistration.dll,11133440,registration,50,2025-08-15 16:26:51,0.7,Sn3DAlgorithm::RegBaseSLAM::RegBaseSLAMForDental::add_frame,0.8
21,Sn3DRegistration.dll,IntraoralScan/Bin/Sn3DRegistration.dll,11133440,registration,50,2025-08-15 16:26:51,0.7,Sn3DAlgorithm::RegBaseSLAM::RegBaseSLAMForDental::archive_ex,0.8
21,Sn3DRegistration.dll,IntraoralScan/Bin/Sn3DRegistration.dll,11133440,registration,50,2025-08-15 16:26:51,0.7,Sn3DAlgorithm::RegBaseSLAM::RegBaseSLAMForDental::clear_pre_buf,0.8
21,Sn3DRegistration.dll,IntraoralScan/Bin/Sn3DRegistration.dll,11133440,registration,50,2025-08-15 16:26:51,0.7,Sn3DAlgorithm::RegBaseSLAM::RegBaseSLAMForDental::create_from_pro_file,0.8
21,Sn3DRegistration.dll,IntraoralScan/Bin/Sn3DRegistration.dll,11133440,registration,50,2025-08-15 16:26:51,0.7,Sn3DAlgorithm::RegBaseSLAM::RegBaseSLAMForDental::delete_isolate_region,0.8
21,Sn3DRegistration.dll,IntraoralScan/Bin/Sn3DRegistration.dll,11133440,registration,50,2025-08-15 16:26:51,0.7,Sn3DAlgorithm::RegBaseSLAM::RegBaseSLAMForDental::delete_points_by_plane,0.8999999999999999
21,Sn3DRegistration.dll,IntraoralScan/Bin/Sn3DRegistration.dll,11133440,registration,50,2025-08-15 16:26:51,0.7,Sn3DAlgorithm::RegBaseSLAM::RegBaseSLAMForDental::detect_base_plane,0.8999999999999999
21,Sn3DRegistration.dll,IntraoralScan/Bin/Sn3DRegistration.dll,11133440,registration,50,2025-08-15 16:26:51,0.7,Sn3DAlgorithm::RegBaseSLAM::RegBaseSLAMForDental::wait_pause,0.8
21,Sn3DRegistration.dll,IntraoralScan/Bin/Sn3DRegistration.dll,11133440,registration,50,2025-08-15 16:26:51,0.7,Sn3DAlgorithm::RegBaseSLAM::RegBaseSLAMForDental::wait_pause::<lambda_425c88d992e6fc33ee6773b57a41ff4d>::operator (),0.8
21,Sn3DRegistration.dll,IntraoralScan/Bin/Sn3DRegistration.dll,11133440,registration,50,2025-08-15 16:26:51,0.7,Sn3DAlgorithm::RegBaseSLAM::TreeSearchFor1Dimension::add_points,0.8
21,Sn3DRegistration.dll,IntraoralScan/Bin/Sn3DRegistration.dll,11133440,registration,50,2025-08-15 16:26:51,0.7,Sn3DAlgorithm::RegBaseSLAM::fusion_cover,0.8
21,Sn3DRegistration.dll,IntraoralScan/Bin/Sn3DRegistration.dll,11133440,registration,50,2025-08-15 16:26:51,0.7,Sn3DAlgorithm::RegBaseSLAM::sdf_gen_cal_points,0.8
21,Sn3DRegistration.dll,IntraoralScan/Bin/Sn3DRegistration.dll,11133440,registration,50,2025-08-15 16:26:51,0.7,Sn3DAlgorithm::Sn3DLargeScaleRefRegistration::refpoint_registertion,0.8999999999999999
21,Sn3DRegistration.dll,IntraoralScan/Bin/Sn3DRegistration.dll,11133440,registration,50,2025-08-15 16:26:51,0.7,Sn3DAlgorithm::Sn3DLargeScaleRefRegistration::update_refpoints_kdtrees,0.8
21,Sn3DRegistration.dll,IntraoralScan/Bin/Sn3DRegistration.dll,11133440,registration,50,2025-08-15 16:26:51,0.7,Sn3DAlgorithm::Sn3DRegistration::global_registertion_framepoint,0.8999999999999999
21,Sn3DRegistration.dll,IntraoralScan/Bin/Sn3DRegistration.dll,11133440,registration,50,2025-08-15 16:26:51,0.7,Sn3DAlgorithm::Sn3DRegistration::group_registertion,0.8
21,Sn3DRegistration.dll,IntraoralScan/Bin/Sn3DRegistration.dll,11133440,registration,50,2025-08-15 16:26:51,0.7,Sn3DAlgorithm::TriMeshICPForDental::process,1.0
21,Sn3DRegistration.dll,IntraoralScan/Bin/Sn3DRegistration.dll,11133440,registration,50,2025-08-15 16:26:51,0.7,Sn3DAlgorithm::dental_mark_mesh_registration,0.8999999999999999
21,Sn3DRegistration.dll,IntraoralScan/Bin/Sn3DRegistration.dll,11133440,registration,50,2025-08-15 16:26:51,0.7,Sn3DAlgorithm::dental_mix_registration,0.8
21,Sn3DRegistration.dll,IntraoralScan/Bin/Sn3DRegistration.dll,11133440,registration,50,2025-08-15 16:26:51,0.7,Sn3DAlgorithm::global_registertion,0.8
21,Sn3DRegistration.dll,IntraoralScan/Bin/Sn3DRegistration.dll,11133440,registration,50,2025-08-15 16:26:51,0.7,Sn3DAlgorithm::group_registertion_imp,0.8
21,Sn3DRegistration.dll,IntraoralScan/Bin/Sn3DRegistration.dll,11133440,registration,50,2025-08-15 16:26:51,0.7,Sn3DAlgorithm::largescale_registration_post_process,0.8
21,Sn3DRegistration.dll,IntraoralScan/Bin/Sn3DRegistration.dll,11133440,registration,50,2025-08-15 16:26:51,0.7,Sn3DAlgorithm::multi_TriMesh_icp,0.8
21,Sn3DRegistration.dll,IntraoralScan/Bin/Sn3DRegistration.dll,11133440,registration,50,2025-08-15 16:26:51,0.7,Sn3DAlgorithm::robust_triMesh_icp,0.8
21,Sn3DRegistration.dll,IntraoralScan/Bin/Sn3DRegistration.dll,11133440,registration,50,2025-08-15 16:26:51,0.7,Sn3DAlgorithm::sn3DKeyFrameSelector::next_start_point,0.8
21,Sn3DRegistration.dll,IntraoralScan/Bin/Sn3DRegistration.dll,11133440,registration,50,2025-08-15 16:26:51,0.7,Sn3DAlgorithm::sn3DRegistrationManager::global_registertion,0.8
21,Sn3DRegistration.dll,IntraoralScan/Bin/Sn3DRegistration.dll,11133440,registration,50,2025-08-15 16:26:51,0.7,Sn3DAlgorithm::sn3DRegistrationManager::pair_registertion,0.8
21,Sn3DRegistration.dll,IntraoralScan/Bin/Sn3DRegistration.dll,11133440,registration,50,2025-08-15 16:26:51,0.7,Sn3DAlgorithm::sn3DRegistrationManagerEx::global_registertion,0.8
21,Sn3DRegistration.dll,IntraoralScan/Bin/Sn3DRegistration.dll,11133440,registration,50,2025-08-15 16:26:51,0.7,Sn3DAlgorithm::sn3DRegistrationManagerEx::pair_registertion,0.8
21,Sn3DRegistration.dll,IntraoralScan/Bin/Sn3DRegistration.dll,11133440,registration,50,2025-08-15 16:26:51,0.7,Sn3DAlgorithm::triMesh_icp_for_abutment,0.8
40,Sn3DScanSlam.dll,IntraoralScan/Bin/Sn3DScanSlam.dll,532992,registration,0,2025-08-15 16:26:56,0.35,,
16,Sn3DSparseSolver.dll,IntraoralScan/Bin/Sn3DSparseSolver.dll,59904,unknown,0,2025-08-15 16:26:49,0.35,,
32,Sn3DSpeckle.dll,IntraoralScan/Bin/Sn3DSpeckle.dll,20197888,fusion,0,2025-08-15 16:26:54,0.35,,
42,Sn3DSpeckleFusion.dll,IntraoralScan/Bin/Sn3DSpeckleFusion.dll,40804352,fusion,50,2025-08-15 16:27:05,0.7,Sn3DAlgorithm::Sn3DSpeckleFusion::SpeckleRebuildGPUGPU::result_data_tranform,0.9500000000000001
42,Sn3DSpeckleFusion.dll,IntraoralScan/Bin/Sn3DSpeckleFusion.dll,40804352,fusion,50,2025-08-15 16:27:05,0.7,_ZN13Sn3DAlgorithm17Sn3DSpeckleFusion11CostCompute11census_costEN16Sn3DGPUAlgorithm9PtrStepSzIiEES4_Ph4int2S6_,0.95
42,Sn3DSpeckleFusion.dll,IntraoralScan/Bin/Sn3DSpeckleFusion.dll,40804352,fusion,50,2025-08-15 16:27:05,0.7,_ZN13Sn3DAlgorithm17Sn3DSpeckleFusion11CostCompute11census_costILi1024ELi5EjEEvN16Sn3DGPUAlgorithm9PtrStepSzIT1_EES6_Phiii,0.95
42,Sn3DSpeckleFusion.dll,IntraoralScan/Bin/Sn3DSpeckleFusion.dll,40804352,fusion,50,2025-08-15 16:27:05,0.7,_ZN13Sn3DAlgorithm17Sn3DSpeckleFusion11CostCompute11census_costILi320ELi5EjEEvN16Sn3DGPUAlgorithm9PtrStepSzIT1_EES6_Phiii,0.95
42,Sn3DSpeckleFusion.dll,IntraoralScan/Bin/Sn3DSpeckleFusion.dll,40804352,fusion,50,2025-08-15 16:27:05,0.7,_ZN13Sn3DAlgorithm17Sn3DSpeckleFusion11CostCompute11census_costILi540ELi5EjEEvN16Sn3DGPUAlgorithm9PtrStepSzIT1_EES6_Phiii,0.95
42,Sn3DSpeckleFusion.dll,IntraoralScan/Bin/Sn3DSpeckleFusion.dll,40804352,fusion,50,2025-08-15 16:27:05,0.7,_ZN13Sn3DAlgorithm17Sn3DSpeckleFusion11CostCompute11census_costILi640ELi5EjEEvN16Sn3DGPUAlgorithm9PtrStepSzIT1_EES6_Phiii,0.95
42,Sn3DSpeckleFusion.dll,IntraoralScan/Bin/Sn3DSpeckleFusion.dll,40804352,fusion,50,2025-08-15 16:27:05,0.7,_ZN13Sn3DAlgorithm17Sn3DSpeckleFusion11CostCompute11census_costILi800ELi5EjEEvN16Sn3DGPUAlgorithm9PtrStepSzIT1_EES6_Phiii,0.95
42,Sn3DSpeckleFusion.dll,IntraoralScan/Bin/Sn3DSpeckleFusion.dll,40804352,fusion,50,2025-08-15 16:27:05,0.7,_ZN13Sn3DAlgorithm17Sn3DSpeckleFusion11CostCompute15census_tranformEN16Sn3DGPUAlgorithm9PtrStepSzIhEES4_4int2NS3_IiEES6_,0.95
42,Sn3DSpeckleFusion.dll,IntraoralScan/Bin/Sn3DSpeckleFusion.dll,40804352,fusion,50,2025-08-15 16:27:05,0.7,_ZN13Sn3DAlgorithm17Sn3DSpeckleFusion11CostCompute15census_tranformILi1024ELi5EjEEvN16Sn3DGPUAlgorithm9PtrStepSzIhEES5_NS4_IT1_EES7_i,0.95
42,Sn3DSpeckleFusion.dll,IntraoralScan/Bin/Sn3DSpeckleFusion.dll,40804352,fusion,50,2025-08-15 16:27:05,0.7,_ZN13Sn3DAlgorithm17Sn3DSpeckleFusion11CostCompute15census_tranformILi320ELi5EjEEvN16Sn3DGPUAlgorithm9PtrStepSzIhEES5_NS4_IT1_EES7_i,0.95
42,Sn3DSpeckleFusion.dll,IntraoralScan/Bin/Sn3DSpeckleFusion.dll,40804352,fusion,50,2025-08-15 16:27:05,0.7,_ZN13Sn3DAlgorithm17Sn3DSpeckleFusion11CostCompute15census_tranformILi540ELi5EjEEvN16Sn3DGPUAlgorithm9PtrStepSzIhEES5_NS4_IT1_EES7_i,0.95
42,Sn3DSpeckleFusion.dll,IntraoralScan/Bin/Sn3DSpeckleFusion.dll,40804352,fusion,50,2025-08-15 16:27:05,0.7,_ZN13Sn3DAlgorithm17Sn3DSpeckleFusion11CostCompute15census_tranformILi640ELi5EjEEvN16Sn3DGPUAlgorithm9PtrStepSzIhEES5_NS4_IT1_EES7_i,0.95
42,Sn3DSpeckleFusion.dll,IntraoralScan/Bin/Sn3DSpeckleFusion.dll,40804352,fusion,50,2025-08-15 16:27:05,0.7,_ZN13Sn3DAlgorithm17Sn3DSpeckleFusion11CostCompute15census_tranformILi800ELi5EjEEvN16Sn3DGPUAlgorithm9PtrStepSzIhEES5_NS4_IT1_EES7_i,0.95
42,Sn3DSpeckleFusion.dll,IntraoralScan/Bin/Sn3DSpeckleFusion.dll,40804352,fusion,50,2025-08-15 16:27:05,0.7,_ZN13Sn3DAlgorithm17Sn3DSpeckleFusion11CostCompute16census_cost_maskILi320ELi5EjEEvN16Sn3DGPUAlgorithm9PtrStepSzIT1_EES6_PhiiiNS4_IhEES8_,0.95
42,Sn3DSpeckleFusion.dll,IntraoralScan/Bin/Sn3DSpeckleFusion.dll,40804352,fusion,50,2025-08-15 16:27:05,0.7,_ZN13Sn3DAlgorithm17Sn3DSpeckleFusion11CostCompute16census_cost_maskILi640ELi5EjEEvN16Sn3DGPUAlgorithm9PtrStepSzIT1_EES6_PhiiiNS4_IhEES8_,0.95
42,Sn3DSpeckleFusion.dll,IntraoralScan/Bin/Sn3DSpeckleFusion.dll,40804352,fusion,50,2025-08-15 16:27:05,0.7,_ZN13Sn3DAlgorithm17Sn3DSpeckleFusion11CostCompute18census_cost_weightILi320ELi5EjEEvN16Sn3DGPUAlgorithm9PtrStepSzIT1_EES6_PhiiiNS3_5PtrSzIfEE,0.95
42,Sn3DSpeckleFusion.dll,IntraoralScan/Bin/Sn3DSpeckleFusion.dll,40804352,fusion,50,2025-08-15 16:27:05,0.7,_ZN13Sn3DAlgorithm17Sn3DSpeckleFusion11CostCompute25kernel_image_type_convertEN16Sn3DGPUAlgorithm9PtrStepSzIhEES4_PhS5_4int2,0.95
42,Sn3DSpeckleFusion.dll,IntraoralScan/Bin/Sn3DSpeckleFusion.dll,40804352,fusion,50,2025-08-15 16:27:05,0.7,_ZN13Sn3DAlgorithm17Sn3DSpeckleFusion11CostCompute26kernel_zncc_cost_impl_halfILj1024ELi1224EEEvPhS3_S3_Pf4int2,0.95
42,Sn3DSpeckleFusion.dll,IntraoralScan/Bin/Sn3DSpeckleFusion.dll,40804352,fusion,50,2025-08-15 16:27:05,0.7,_ZN13Sn3DAlgorithm17Sn3DSpeckleFusion11CostCompute26kernel_zncc_cost_impl_halfILj512ELi612EEEvPhS3_S3_Pf4int2,0.95
42,Sn3DSpeckleFusion.dll,IntraoralScan/Bin/Sn3DSpeckleFusion.dll,40804352,fusion,50,2025-08-15 16:27:05,0.7,_ZN13Sn3DAlgorithm17Sn3DSpeckleFusion11CostCompute26kernel_zncc_cost_impl_halfILj512ELi640EEEvPhS3_S3_Pf4int2,0.95
42,Sn3DSpeckleFusion.dll,IntraoralScan/Bin/Sn3DSpeckleFusion.dll,40804352,fusion,50,2025-08-15 16:27:05,0.7,_ZN13Sn3DAlgorithm17Sn3DSpeckleFusion11CostCompute26kernel_zncc_cost_impl_halfILj972ELi1296EEEvPhS3_S3_Pf4int2,0.95
42,Sn3DSpeckleFusion.dll,IntraoralScan/Bin/Sn3DSpeckleFusion.dll,40804352,fusion,50,2025-08-15 16:27:05,0.7,_ZN13Sn3DAlgorithm17Sn3DSpeckleFusion11CostCompute28kernel_compute_cost_5x5_implEN16Sn3DGPUAlgorithm9PtrStepSzIjEES4_Ph4int2S6_S6_,0.95
42,Sn3DSpeckleFusion.dll,IntraoralScan/Bin/Sn3DSpeckleFusion.dll,40804352,fusion,50,2025-08-15 16:27:05,0.7,_ZN13Sn3DAlgorithm17Sn3DSpeckleFusion11CostCompute32kernel_census_transform_5x5FloatEN16Sn3DGPUAlgorithm9PtrStepSzIfEENS3_IjEE,0.95
42,Sn3DSpeckleFusion.dll,IntraoralScan/Bin/Sn3DSpeckleFusion.dll,40804352,fusion,50,2025-08-15 16:27:05,0.7,_ZN13Sn3DAlgorithm17Sn3DSpeckleFusion11CostCompute32kernel_census_transform_5x5UCharEN16Sn3DGPUAlgorithm9PtrStepSzIhEENS3_IjEE,0.95
42,Sn3DSpeckleFusion.dll,IntraoralScan/Bin/Sn3DSpeckleFusion.dll,40804352,fusion,50,2025-08-15 16:27:05,0.7,_ZN13Sn3DAlgorithm17Sn3DSpeckleFusion11CostCompute33kernel_census_transform_7x7SampleEN16Sn3DGPUAlgorithm9PtrStepSzIhEES4_NS3_IjEES5_,0.95
42,Sn3DSpeckleFusion.dll,IntraoralScan/Bin/Sn3DSpeckleFusion.dll,40804352,fusion,50,2025-08-15 16:27:05,0.7,_ZN13Sn3DAlgorithm17Sn3DSpeckleFusion11CostCompute33kernel_census_transform_9x9SampleEN16Sn3DGPUAlgorithm9PtrStepSzIhEES4_NS3_IjEES5_,0.95
42,Sn3DSpeckleFusion.dll,IntraoralScan/Bin/Sn3DSpeckleFusion.dll,40804352,fusion,50,2025-08-15 16:27:05,0.7,_ZN13Sn3DAlgorithm17Sn3DSpeckleFusion11CostCompute34kernel_census_transform_5x5UCharLREN16Sn3DGPUAlgorithm9PtrStepSzIhEES4_NS3_IjEES5_,0.95
42,Sn3DSpeckleFusion.dll,IntraoralScan/Bin/Sn3DSpeckleFusion.dll,40804352,fusion,50,2025-08-15 16:27:05,0.7,_ZN13Sn3DAlgorithm17Sn3DSpeckleFusion11CostProcess17fill_point_kernelEN16Sn3DGPUAlgorithm9PtrStepSzIfEES4_4int4ii,1.0
42,Sn3DSpeckleFusion.dll,IntraoralScan/Bin/Sn3DSpeckleFusion.dll,40804352,fusion,50,2025-08-15 16:27:05,0.7,_ZN13Sn3DAlgorithm17Sn3DSpeckleFusion11CostProcess19save_invaild_kernelEN16Sn3DGPUAlgorithm9PtrStepSzIfEES4_4int4ii,0.95
42,Sn3DSpeckleFusion.dll,IntraoralScan/Bin/Sn3DSpeckleFusion.dll,40804352,fusion,50,2025-08-15 16:27:05,0.7,_ZN13Sn3DAlgorithm17Sn3DSpeckleFusion11CostProcess24check_left_to_right_lastEN16Sn3DGPUAlgorithm9PtrStepSzIfEES4_iif,0.95
42,Sn3DSpeckleFusion.dll,IntraoralScan/Bin/Sn3DSpeckleFusion.dll,40804352,fusion,50,2025-08-15 16:27:05,0.7,_ZN13Sn3DAlgorithm17Sn3DSpeckleFusion11DataProcess12update_pointEN16Sn3DGPUAlgorithm9PtrStepSzI6float3EENS3_IfEENS2_10IntrDeviceES4_ii,1.0
42,Sn3DSpeckleFusion.dll,IntraoralScan/Bin/Sn3DSpeckleFusion.dll,40804352,fusion,50,2025-08-15 16:27:05,0.7,_ZN13Sn3DAlgorithm17Sn3DSpeckleFusion11DataProcess17fill_point_kernelEN16Sn3DGPUAlgorithm9PtrStepSzIfEES4_4int4ii,1.0
42,Sn3DSpeckleFusion.dll,IntraoralScan/Bin/Sn3DSpeckleFusion.dll,40804352,fusion,50,2025-08-15 16:27:05,0.7,_ZN13Sn3DAlgorithm17Sn3DSpeckleFusion11DataProcess19delete_point_updateEN16Sn3DGPUAlgorithm9PtrStepSzIbEENS3_IfEENS3_I6float3EES7_NS3_I6float2EEii,1.0
42,Sn3DSpeckleFusion.dll,IntraoralScan/Bin/Sn3DSpeckleFusion.dll,40804352,fusion,50,2025-08-15 16:27:05,0.7,_ZN13Sn3DAlgorithm17Sn3DSpeckleFusion11DataProcess19delete_point_updateEN16Sn3DGPUAlgorithm9PtrStepSzIbEENS3_IfEEii,1.0
42,Sn3DSpeckleFusion.dll,IntraoralScan/Bin/Sn3DSpeckleFusion.dll,40804352,fusion,50,2025-08-15 16:27:05,0.7,_ZN13Sn3DAlgorithm17Sn3DSpeckleFusion11DataProcess19kernel_delete_pointEN16Sn3DGPUAlgorithm9PtrStepSzIbEENS3_IfEENS3_I6float3EES7_NS3_I6float2EEi,1.0
42,Sn3DSpeckleFusion.dll,IntraoralScan/Bin/Sn3DSpeckleFusion.dll,40804352,fusion,50,2025-08-15 16:27:05,0.7,_ZN13Sn3DAlgorithm17Sn3DSpeckleFusion11DataProcess21find_point_image_edgeEN16Sn3DGPUAlgorithm9PtrStepSzIcEENS3_I6float3EES6_ii,1.0
42,Sn3DSpeckleFusion.dll,IntraoralScan/Bin/Sn3DSpeckleFusion.dll,40804352,fusion,50,2025-08-15 16:27:05,0.7,_ZN13Sn3DAlgorithm17Sn3DSpeckleFusion11DataProcess21generate_point_kernelEN16Sn3DGPUAlgorithm9PtrStepSzIfEENS3_I6float3EES5_NS2_10IntrDeviceEiii,1.0
42,Sn3DSpeckleFusion.dll,IntraoralScan/Bin/Sn3DSpeckleFusion.dll,40804352,fusion,50,2025-08-15 16:27:05,0.7,_ZN13Sn3DAlgorithm17Sn3DSpeckleFusion11DataProcess24kernel_delget_edge_pointEN16Sn3DGPUAlgorithm9PtrStepSzIfEENS3_IbEEiii,1.0
42,Sn3DSpeckleFusion.dll,IntraoralScan/Bin/Sn3DSpeckleFusion.dll,40804352,fusion,50,2025-08-15 16:27:05,0.7,_ZN13Sn3DAlgorithm17Sn3DSpeckleFusion11DataProcess27kernel_delete_invaild_pointEN16Sn3DGPUAlgorithm9PtrStepSzI6float3EES5_NS3_IfEENS2_5PtrSzIjEEiNS3_IhEE4int2,1.0
42,Sn3DSpeckleFusion.dll,IntraoralScan/Bin/Sn3DSpeckleFusion.dll,40804352,fusion,50,2025-08-15 16:27:05,0.7,_ZN13Sn3DAlgorithm17Sn3DSpeckleFusion11DataProcess32kernel_delete_invaild_point_testEN16Sn3DGPUAlgorithm9PtrStepSzI6float3EENS3_IfEENS2_5PtrSzIjEEiNS3_IhEE4int2,1.0
42,Sn3DSpeckleFusion.dll,IntraoralScan/Bin/Sn3DSpeckleFusion.dll,40804352,fusion,50,2025-08-15 16:27:05,0.7,_ZN13Sn3DAlgorithm17Sn3DSpeckleFusion11DataProcess33delget_edge_point_in_right_cornerEN16Sn3DGPUAlgorithm9PtrStepSzI6float2EENS3_IbEEiii,1.0
42,Sn3DSpeckleFusion.dll,IntraoralScan/Bin/Sn3DSpeckleFusion.dll,40804352,fusion,50,2025-08-15 16:27:05,0.7,_ZN13Sn3DAlgorithm17Sn3DSpeckleFusion13SpePreProcess14pyrdown_kernelEN16Sn3DGPUAlgorithm9PtrStepSzIfEES4_S4_S4_,0.95
42,Sn3DSpeckleFusion.dll,IntraoralScan/Bin/Sn3DSpeckleFusion.dll,40804352,fusion,50,2025-08-15 16:27:05,0.7,_ZN13Sn3DAlgorithm17Sn3DSpeckleFusion13SpePreProcess15USM_for_pyramidEN16Sn3DGPUAlgorithm9PtrStepSzIfEES4_S4_S4_,0.95
42,Sn3DSpeckleFusion.dll,IntraoralScan/Bin/Sn3DSpeckleFusion.dll,40804352,fusion,50,2025-08-15 16:27:05,0.7,_ZN13Sn3DAlgorithm17Sn3DSpeckleFusion13SpePreProcess22USM_and_pyramid_kernelEN16Sn3DGPUAlgorithm9PtrStepSzIfEES4_S4_S4_S4_S4_,0.95
42,Sn3DSpeckleFusion.dll,IntraoralScan/Bin/Sn3DSpeckleFusion.dll,40804352,fusion,50,2025-08-15 16:27:05,0.7,_ZN13Sn3DAlgorithm17Sn3DSpeckleFusion13SpePreProcess7rectifyEN16Sn3DGPUAlgorithm9PtrStepSzIhEES4_NS3_IfEES5_,0.95
42,Sn3DSpeckleFusion.dll,IntraoralScan/Bin/Sn3DSpeckleFusion.dll,40804352,fusion,50,2025-08-15 16:27:05,0.7,_ZN13Sn3DAlgorithm17Sn3DSpeckleFusion15CostAggregation30kernel_compute_right_disparityEPtPfbf4int2S4_,0.95
42,Sn3DSpeckleFusion.dll,IntraoralScan/Bin/Sn3DSpeckleFusion.dll,40804352,fusion,50,2025-08-15 16:27:05,0.7,_ZN13Sn3DAlgorithm17Sn3DSpeckleFusion15CostAggregation44kernel_sum_cost_and_compute_disparity_path_4ILj32ELj16ELj16EEEvPfPhS4_S4_S4_4int2S5_i,0.95
42,Sn3DSpeckleFusion.dll,IntraoralScan/Bin/Sn3DSpeckleFusion.dll,40804352,fusion,50,2025-08-15 16:27:05,0.7,_ZN13Sn3DAlgorithm17Sn3DSpeckleFusion15CostAggregation44kernel_sum_cost_and_compute_disparity_path_4ILj32ELj16ELj32EEEvPfPhS4_S4_S4_4int2S5_i,0.95
42,Sn3DSpeckleFusion.dll,IntraoralScan/Bin/Sn3DSpeckleFusion.dll,40804352,fusion,50,2025-08-15 16:27:05,0.7,_ZN13Sn3DAlgorithm17Sn3DSpeckleFusion15CostAggregation44kernel_sum_cost_and_compute_disparity_path_4ILj32ELj16ELj4EEEvPfPhS4_S4_S4_4int2S5_i,0.95
42,Sn3DSpeckleFusion.dll,IntraoralScan/Bin/Sn3DSpeckleFusion.dll,40804352,fusion,50,2025-08-15 16:27:05,0.7,_ZN13Sn3DAlgorithm17Sn3DSpeckleFusion15CostAggregation44kernel_sum_cost_and_compute_disparity_path_4ILj32ELj16ELj8EEEvPfPhS4_S4_S4_4int2S5_i,0.95
34,Sn3DTextureBasedTrack.dll,IntraoralScan/Bin/Sn3DTextureBasedTrack.dll,675840,registration,0,2025-08-15 16:26:54,0.35,,
23,Sn3DTextureSlam.dll,IntraoralScan/Bin/Sn3DTextureSlam.dll,2961408,unknown,0,2025-08-15 16:26:52,0.35,,
27,Sn3DTooling.dll,IntraoralScan/Bin/Sn3DTooling.dll,82432,mesh_processing,0,2025-08-15 16:26:52,0.35,,
10,Sn3DVulkanWrapper.dll,IntraoralScan/Bin/Sn3DVulkanWrapper.dll,122880,unknown,0,2025-08-15 16:26:48,0.35,,
59,algorithm1.dll,IntraoralScan/Bin/algorithm1.dll,8006656,algorithms,50,2025-08-15 16:27:11,0.7,?Cloud_pair_feature_registration_compute_registration@Sn3DAlgorithm@@YA?AW4RetVal@1@PEAXAEAVRigidMatrix@1@AEAH@Z,0.7
59,algorithm1.dll,IntraoralScan/Bin/algorithm1.dll,8006656,algorithms,50,2025-08-15 16:27:11,0.7,?compute_absulute_gaussian_curvature@FlipEdgeSF_T@Sn3DAlgorithm@@IEAANAEAVTriMesh@2@UVertexHandle@OpenMesh@@@Z,0.7
59,algorithm1.dll,IntraoralScan/Bin/algorithm1.dll,8006656,algorithms,50,2025-08-15 16:27:11,0.7,?compute_area@FlipEdgeSF_T@Sn3DAlgorithm@@IEAAXAEAVTriMesh@2@UVertexHandle@OpenMesh@@AEAM@Z,0.7
59,algorithm1.dll,IntraoralScan/Bin/algorithm1.dll,8006656,algorithms,50,2025-08-15 16:27:11,0.7,?compute_coord@TextureFusion@Sn3DAlgorithm@@AEAA_NXZ,0.7
59,algorithm1.dll,IntraoralScan/Bin/algorithm1.dll,8006656,algorithms,50,2025-08-15 16:27:11,0.7,?compute_cost_about_halfedge@EdgeFlipMean@Sn3DAlgorithm@@IEAAMAEAVTriMesh@2@UHalfedgeHandle@OpenMesh@@@Z,0.7
59,algorithm1.dll,IntraoralScan/Bin/algorithm1.dll,8006656,algorithms,50,2025-08-15 16:27:11,0.7,?compute_curvature_cost1@FlipEdgeSF_T@Sn3DAlgorithm@@IEAANAEAVTriMesh@2@UVertexHandle@OpenMesh@@@Z,0.7
59,algorithm1.dll,IntraoralScan/Bin/algorithm1.dll,8006656,algorithms,50,2025-08-15 16:27:11,0.7,?compute_curvature_cost2@FlipEdgeSF_T@Sn3DAlgorithm@@IEAANAEAVTriMesh@2@UVertexHandle@OpenMesh@@@Z,0.7
59,algorithm1.dll,IntraoralScan/Bin/algorithm1.dll,8006656,algorithms,50,2025-08-15 16:27:11,0.7,?compute_curvature_cost3@FlipEdgeSF_T@Sn3DAlgorithm@@IEAANAEAVTriMesh@2@UVertexHandle@OpenMesh@@@Z,0.7
59,algorithm1.dll,IntraoralScan/Bin/algorithm1.dll,8006656,algorithms,50,2025-08-15 16:27:11,0.7,?compute_face_area@EdgeFlipMean@Sn3DAlgorithm@@IEAAMAEAVTriMesh@2@UFaceHandle@OpenMesh@@@Z,0.7
59,algorithm1.dll,IntraoralScan/Bin/algorithm1.dll,8006656,algorithms,50,2025-08-15 16:27:11,0.7,?compute_face_area@FlipEdgeSF_T@Sn3DAlgorithm@@IEAAMAEAVTriMesh@2@UFaceHandle@OpenMesh@@@Z,0.7
59,algorithm1.dll,IntraoralScan/Bin/algorithm1.dll,8006656,algorithms,50,2025-08-15 16:27:11,0.7,?compute_face_normal_changeby_curvature@EdgeFlipMean@Sn3DAlgorithm@@IEAAXAEAVTriMesh@2@UHalfedgeHandle@OpenMesh@@AEAV?$Matrix@M$02$00$0A@$02$00@Eigen@@@Z,0.7
59,algorithm1.dll,IntraoralScan/Bin/algorithm1.dll,8006656,algorithms,50,2025-08-15 16:27:11,0.7,?compute_flip_cost@EdgeFlipGauss@Sn3DAlgorithm@@QEAANAEAVTriMesh@2@UEdgeHandle@OpenMesh@@@Z,0.7
59,algorithm1.dll,IntraoralScan/Bin/algorithm1.dll,8006656,algorithms,50,2025-08-15 16:27:11,0.7,?compute_flip_cost@EdgeFlipMean@Sn3DAlgorithm@@IEAANAEAVTriMesh@2@UEdgeHandle@OpenMesh@@@Z,0.7
59,algorithm1.dll,IntraoralScan/Bin/algorithm1.dll,8006656,algorithms,50,2025-08-15 16:27:11,0.7,?compute_flip_cost@FlipEdgeSF_T@Sn3DAlgorithm@@IEAANAEAVTriMesh@2@UEdgeHandle@OpenMesh@@@Z,0.7
59,algorithm1.dll,IntraoralScan/Bin/algorithm1.dll,8006656,algorithms,50,2025-08-15 16:27:11,0.7,?compute_gaussian_cost@EdgeFlipGauss@Sn3DAlgorithm@@QEAAMAEAVTriMesh@2@UEdgeHandle@OpenMesh@@@Z,0.7
59,algorithm1.dll,IntraoralScan/Bin/algorithm1.dll,8006656,algorithms,50,2025-08-15 16:27:11,0.7,?compute_gaussian_curvature@EdgeFlipGauss@Sn3DAlgorithm@@QEAAMAEAVTriMesh@2@UVertexHandle@OpenMesh@@@Z,0.7
59,algorithm1.dll,IntraoralScan/Bin/algorithm1.dll,8006656,algorithms,50,2025-08-15 16:27:11,0.7,?compute_halfedge_vec_changeby_curvature@EdgeFlipMean@Sn3DAlgorithm@@IEAAXAEAVTriMesh@2@UHalfedgeHandle@OpenMesh@@AEAV?$Matrix@M$02$00$0A@$02$00@Eigen@@@Z,0.7
59,algorithm1.dll,IntraoralScan/Bin/algorithm1.dll,8006656,algorithms,50,2025-08-15 16:27:11,0.7,?compute_hole_tex_coord@TextureFusion@Sn3DAlgorithm@@AEAAXXZ,0.7
59,algorithm1.dll,IntraoralScan/Bin/algorithm1.dll,8006656,algorithms,50,2025-08-15 16:27:11,0.7,?compute_hull@Sn3DAlgorithm@@YAXAEAVTriMesh@1@@Z,0.7
59,algorithm1.dll,IntraoralScan/Bin/algorithm1.dll,8006656,algorithms,50,2025-08-15 16:27:11,0.7,?compute_integral_absolute_mean_curvature2@FlipEdgeSF_T@Sn3DAlgorithm@@IEAANAEAVTriMesh@2@UVertexHandle@OpenMesh@@@Z,0.7
59,algorithm1.dll,IntraoralScan/Bin/algorithm1.dll,8006656,algorithms,50,2025-08-15 16:27:11,0.7,?compute_integral_absolute_mean_curvature3@FlipEdgeSF_T@Sn3DAlgorithm@@IEAANAEAVTriMesh@2@UVertexHandle@OpenMesh@@@Z,0.7
59,algorithm1.dll,IntraoralScan/Bin/algorithm1.dll,8006656,algorithms,50,2025-08-15 16:27:11,0.7,?compute_integral_absolute_mean_curvature@FlipEdgeSF_T@Sn3DAlgorithm@@IEAANAEAVTriMesh@2@UVertexHandle@OpenMesh@@@Z,0.7
59,algorithm1.dll,IntraoralScan/Bin/algorithm1.dll,8006656,algorithms,50,2025-08-15 16:27:11,0.7,?compute_integral_gaussian_curvature@FlipEdgeSF_T@Sn3DAlgorithm@@IEAANAEAVTriMesh@2@UVertexHandle@OpenMesh@@@Z,0.7
59,algorithm1.dll,IntraoralScan/Bin/algorithm1.dll,8006656,algorithms,50,2025-08-15 16:27:11,0.7,?compute_integral_mean_curvature@FlipEdgeSF_T@Sn3DAlgorithm@@IEAANAEAVTriMesh@2@UVertexHandle@OpenMesh@@@Z,0.7
59,algorithm1.dll,IntraoralScan/Bin/algorithm1.dll,8006656,algorithms,50,2025-08-15 16:27:11,0.7,?compute_mean_curvature@EdgeFlipGauss@Sn3DAlgorithm@@QEAAMAEAVTriMesh@2@UEdgeHandle@OpenMesh@@@Z,0.7
59,algorithm1.dll,IntraoralScan/Bin/algorithm1.dll,8006656,algorithms,50,2025-08-15 16:27:11,0.7,?compute_principal_curvature_direction@EdgeFlipMean@Sn3DAlgorithm@@IEAAXAEAVTriMesh@2@UVertexHandle@OpenMesh@@AEAV?$Matrix@M$02$02$0A@$02$02@Eigen@@AEAM3@Z,0.7
59,algorithm1.dll,IntraoralScan/Bin/algorithm1.dll,8006656,algorithms,50,2025-08-15 16:27:11,0.7,?compute_principal_curvature_direction@FlipEdgeSF_T@Sn3DAlgorithm@@IEAAXAEAVTriMesh@2@UVertexHandle@OpenMesh@@AEAV?$Matrix@M$02$02$0A@$02$02@Eigen@@AEAM3@Z,0.7
59,algorithm1.dll,IntraoralScan/Bin/algorithm1.dll,8006656,algorithms,50,2025-08-15 16:27:11,0.7,Sn3DAlgorithm::BaseTriMesh_face_and_tooth_feature_registration,0.7000000000000001
59,algorithm1.dll,IntraoralScan/Bin/algorithm1.dll,8006656,algorithms,50,2025-08-15 16:27:11,0.7,Sn3DAlgorithm::BaseTriMesh_pair_feature_registration_for_multi_abutment,0.7000000000000001
59,algorithm1.dll,IntraoralScan/Bin/algorithm1.dll,8006656,algorithms,50,2025-08-15 16:27:11,0.7,Sn3DAlgorithm::BaseTriMesh_tooth_feature_registration,0.7000000000000001
59,algorithm1.dll,IntraoralScan/Bin/algorithm1.dll,8006656,algorithms,50,2025-08-15 16:27:11,0.7,"Sn3DAlgorithm::Poisson::BlockedVector<struct Sn3DAlgorithm::Poisson::DualPointInfo<3,float,float,0>,10,10,2>::resize",0.7000000000000001
59,algorithm1.dll,IntraoralScan/Bin/algorithm1.dll,8006656,algorithms,50,2025-08-15 16:27:11,0.7,"Sn3DAlgorithm::Poisson::BlockedVector<struct Sn3DAlgorithm::Poisson::Point<float,3>,10,10,2>::resize",0.7000000000000001
59,algorithm1.dll,IntraoralScan/Bin/algorithm1.dll,8006656,algorithms,50,2025-08-15 16:27:11,0.7,"Sn3DAlgorithm::Poisson::FEMTree<3,float>::_addPointValues",0.7000000000000001
59,algorithm1.dll,IntraoralScan/Bin/algorithm1.dll,8006656,algorithms,50,2025-08-15 16:27:11,0.7,"Sn3DAlgorithm::Poisson::FEMTree<3,float>::_splatPointData",0.7000000000000001
59,algorithm1.dll,IntraoralScan/Bin/algorithm1.dll,8006656,algorithms,50,2025-08-15 16:27:11,0.7,"Sn3DAlgorithm::Poisson::FEMTree<3,float>::check_sample_point",0.7000000000000001
59,algorithm1.dll,IntraoralScan/Bin/algorithm1.dll,8006656,algorithms,50,2025-08-15 16:27:11,0.7,"Sn3DAlgorithm::Poisson::Point<float,1>::_init",0.7000000000000001
59,algorithm1.dll,IntraoralScan/Bin/algorithm1.dll,8006656,algorithms,50,2025-08-15 16:27:11,0.7,"Sn3DAlgorithm::Poisson::Point<float,3>::_init",0.7000000000000001
59,algorithm1.dll,IntraoralScan/Bin/algorithm1.dll,8006656,algorithms,50,2025-08-15 16:27:11,0.7,"Sn3DAlgorithm::Poisson::SparseNodeData<struct Sn3DAlgorithm::Poisson::DualPointInfo<3,float,float,0>,struct Sn3DAlgorithm::Poisson::UIntPack<0,0,0> >::operator []",0.7000000000000001
59,algorithm1.dll,IntraoralScan/Bin/algorithm1.dll,8006656,algorithms,50,2025-08-15 16:27:11,0.7,"Sn3DAlgorithm::Poisson::SparseNodeData<struct Sn3DAlgorithm::Poisson::Point<float,3>,struct Sn3DAlgorithm::Poisson::UIntPack<6,6,6> >::operator []",0.7000000000000001
59,algorithm1.dll,IntraoralScan/Bin/algorithm1.dll,8006656,algorithms,50,2025-08-15 16:27:11,0.7,"Sn3DAlgorithm::Poisson::SparseNodeData<struct Sn3DAlgorithm::Poisson::Point<float,3>,struct Sn3DAlgorithm::Poisson::UIntPack<7,7,7> >::operator []",0.7000000000000001
59,algorithm1.dll,IntraoralScan/Bin/algorithm1.dll,8006656,algorithms,50,2025-08-15 16:27:11,0.7,"Sn3DAlgorithm::Poisson::SparseNodeData<struct Sn3DAlgorithm::Poisson::Point<float,3>,struct Sn3DAlgorithm::Poisson::UIntPack<8,8,8> >::operator []",0.7000000000000001
59,algorithm1.dll,IntraoralScan/Bin/algorithm1.dll,8006656,algorithms,50,2025-08-15 16:27:11,0.7,Sn3DAlgorithm::PoissonRecon::cloud_sampling,0.7000000000000001
59,algorithm1.dll,IntraoralScan/Bin/algorithm1.dll,8006656,algorithms,50,2025-08-15 16:27:11,0.7,Sn3DAlgorithm::PoissonRecon::set_ref_mesh,0.7000000000000001
59,algorithm1.dll,IntraoralScan/Bin/algorithm1.dll,8006656,algorithms,50,2025-08-15 16:27:11,0.7,"Sn3DAlgorithm::PoissonReconImpl<3,float>::ExtractMesh",0.7000000000000001
59,algorithm1.dll,IntraoralScan/Bin/algorithm1.dll,8006656,algorithms,50,2025-08-15 16:27:11,0.7,Sn3DAlgorithm::compress_mesh_to_file,0.7000000000000001
59,algorithm1.dll,IntraoralScan/Bin/algorithm1.dll,8006656,algorithms,50,2025-08-15 16:27:11,0.7,Sn3DAlgorithm::compress_mesh_to_stream,0.7000000000000001
59,algorithm1.dll,IntraoralScan/Bin/algorithm1.dll,8006656,algorithms,50,2025-08-15 16:27:11,0.7,Sn3DAlgorithm::compress_mesh_to_string,0.7000000000000001
59,algorithm1.dll,IntraoralScan/Bin/algorithm1.dll,8006656,algorithms,50,2025-08-15 16:27:11,0.7,Sn3DAlgorithm::decompress_file_to_mesh,0.7000000000000001
59,algorithm1.dll,IntraoralScan/Bin/algorithm1.dll,8006656,algorithms,50,2025-08-15 16:27:11,0.7,Sn3DAlgorithm::decompress_stream_to_mesh,0.7000000000000001
59,algorithm1.dll,IntraoralScan/Bin/algorithm1.dll,8006656,algorithms,50,2025-08-15 16:27:11,0.7,Sn3DAlgorithm::decompress_string_to_mesh,0.7000000000000001
55,algorithm2.dll,IntraoralScan/Bin/algorithm2.dll,7297024,algorithms,50,2025-08-15 16:27:10,0.7,?clip_cloud_box@Sn3DMeshProcess@Sn3DAlgorithm@@SA?AW4RetVal@2@AEAVCloud@2@AEBV?$vector@VOBBox@Sn3DAlgorithm@@V?$allocator@VOBBox@Sn3DAlgorithm@@@std@@@std@@_N_N@Z,0.8
55,algorithm2.dll,IntraoralScan/Bin/algorithm2.dll,7297024,algorithms,50,2025-08-15 16:27:10,0.7,?clip_pointImage_box@Sn3DMeshProcess@Sn3DAlgorithm@@SA?AW4RetVal@2@AEAVPointImage@2@AEBV?$vector@VOBBox@Sn3DAlgorithm@@V?$allocator@VOBBox@Sn3DAlgorithm@@@std@@@std@@_N_N@Z,0.8
55,algorithm2.dll,IntraoralScan/Bin/algorithm2.dll,7297024,algorithms,50,2025-08-15 16:27:10,0.7,?collect_points@Sn3DModelProcess@Sn3DAlgorithm@@SAXAEBV?$vector@PEAVRangeDataDense@Sn3DAlgorithm@@V?$allocator@PEAVRangeDataDense@Sn3DAlgorithm@@@std@@@std@@AEAVCloud@2@@Z,0.8
55,algorithm2.dll,IntraoralScan/Bin/algorithm2.dll,7297024,algorithms,50,2025-08-15 16:27:10,0.7,?collect_points@Sn3DModelProcess@Sn3DAlgorithm@@SAXAEBV?$vector@PEBVRangeData@Sn3DAlgorithm@@V?$allocator@PEBVRangeData@Sn3DAlgorithm@@@std@@@std@@AEAVCloud@2@@Z,0.8
55,algorithm2.dll,IntraoralScan/Bin/algorithm2.dll,7297024,algorithms,50,2025-08-15 16:27:10,0.7,?compute_mean_curv@PointCloudCurvature@Sn3DAlgorithm@@QEAAHXZ,0.8
55,algorithm2.dll,IntraoralScan/Bin/algorithm2.dll,7297024,algorithms,50,2025-08-15 16:27:10,0.7,?estimate_point_dis_c@Sn3DCloudProcess@Sn3DAlgorithm@@SA?AW4RetVal@2@AEBV?$vector@V?$Matrix@M$02$00$0A@$02$00@Eigen@@V?$allocator@V?$Matrix@M$02$00$0A@$02$00@Eigen@@@std@@@std@@AEAM@Z,0.8
55,algorithm2.dll,IntraoralScan/Bin/algorithm2.dll,7297024,algorithms,50,2025-08-15 16:27:10,0.7,?estimate_point_dis_c@Sn3DCloudProcess@Sn3DAlgorithm@@SA?AW4RetVal@2@AEBVCloud@2@AEAM@Z,0.8
55,algorithm2.dll,IntraoralScan/Bin/algorithm2.dll,7297024,algorithms,50,2025-08-15 16:27:10,0.7,?estimate_point_dis_m@Sn3DMeshProcess@Sn3DAlgorithm@@SA?AW4RetVal@2@AEBVBaseTriMesh@2@AEAM@Z,0.8
55,algorithm2.dll,IntraoralScan/Bin/algorithm2.dll,7297024,algorithms,50,2025-08-15 16:27:10,0.7,?flip_faces_by_selected_points@Sn3DMeshProcess@Sn3DAlgorithm@@SA?AW4RetVal@2@AEAVBaseTriMesh@2@AEBV?$vector@HV?$allocator@H@std@@@std@@@Z,0.8
55,algorithm2.dll,IntraoralScan/Bin/algorithm2.dll,7297024,algorithms,50,2025-08-15 16:27:10,0.7,?get_endpoint@Sn3DMeshPlaneSegment@Sn3DAlgorithm@@CA_NAEBVTriMesh@2@AEBUEdgeHandle@OpenMesh@@AEAH2@Z,0.8
55,algorithm2.dll,IntraoralScan/Bin/algorithm2.dll,7297024,algorithms,50,2025-08-15 16:27:10,0.7,?get_mesh_cut_plane_info@Sn3DMeshProcess@Sn3DAlgorithm@@SA?AW4RetVal@2@AEBVCloud@2@AEBV?$Matrix@M$02$00$0A@$02$00@Eigen@@11AEAV56@AEAM3AEAVRigidMatrix@2@@Z,0.8
55,algorithm2.dll,IntraoralScan/Bin/algorithm2.dll,7297024,algorithms,50,2025-08-15 16:27:10,0.7,?get_point_bd@Sn3DMeshProcess@Sn3DAlgorithm@@SA?AW4RetVal@2@AEBVTriMesh@2@AEAV?$vector@HV?$allocator@H@std@@@std@@H@Z,0.8
55,algorithm2.dll,IntraoralScan/Bin/algorithm2.dll,7297024,algorithms,50,2025-08-15 16:27:10,0.7,?get_point_bd_queue@Sn3DMeshProcess@Sn3DAlgorithm@@SA?AW4RetVal@2@AEBVTriMesh@2@AEAV?$vector@HV?$allocator@H@std@@@std@@1H@Z,0.8
55,algorithm2.dll,IntraoralScan/Bin/algorithm2.dll,7297024,algorithms,50,2025-08-15 16:27:10,0.7,?get_point_curvature@SnModelProcessGPU@Sn3DAlgorithm@@SAHAEBVRangeDataGpu@Sn3DGPUAlgorithm@@AEAV?$vector@MV?$allocator@M@std@@@std@@@Z,0.85
55,algorithm2.dll,IntraoralScan/Bin/algorithm2.dll,7297024,algorithms,50,2025-08-15 16:27:10,0.7,?get_tri_points@MeshProcessHelper@Sn3DAlgorithm@@SAXAEBVTriMesh@2@UFaceHandle@OpenMesh@@AEAV?$Matrix@M$02$00$0A@$02$00@Eigen@@22@Z,0.8
55,algorithm2.dll,IntraoralScan/Bin/algorithm2.dll,7297024,algorithms,50,2025-08-15 16:27:10,0.7,?point_to_segment@Sn3DMeshDoctor@Sn3DAlgorithm@@AEAAMAEBV?$Matrix@M$02$00$0A@$02$00@Eigen@@00AEAV34@@Z,0.8
55,algorithm2.dll,IntraoralScan/Bin/algorithm2.dll,7297024,algorithms,50,2025-08-15 16:27:10,0.7,?remove_by_points@Sn3DMeshProcess@Sn3DAlgorithm@@SA?AW4RetVal@2@AEAVBaseTriMesh@2@AEBV42@M@Z,0.8
55,algorithm2.dll,IntraoralScan/Bin/algorithm2.dll,7297024,algorithms,50,2025-08-15 16:27:10,0.7,?remove_poisson_boundary_by_mesh@Sn3DMeshProcess@Sn3DAlgorithm@@SA?AW4RetVal@2@AEAVBaseTriMesh@2@AEBVCloud@2@MAEBV?$vector@HV?$allocator@H@std@@@std@@H@Z,0.8
55,algorithm2.dll,IntraoralScan/Bin/algorithm2.dll,7297024,algorithms,50,2025-08-15 16:27:10,0.7,Sn3DAlgorithm::MeshBatchProcess::mesh_quick_repair,0.7999999999999999
55,algorithm2.dll,IntraoralScan/Bin/algorithm2.dll,7297024,algorithms,50,2025-08-15 16:27:10,0.7,Sn3DAlgorithm::MeshBatchProcess::remove_largest_boundary_verts,0.7999999999999999
55,algorithm2.dll,IntraoralScan/Bin/algorithm2.dll,7297024,algorithms,50,2025-08-15 16:27:10,0.7,Sn3DAlgorithm::Sn3DMeshColorFusion::fusion_mesh,0.7999999999999999
55,algorithm2.dll,IntraoralScan/Bin/algorithm2.dll,7297024,algorithms,50,2025-08-15 16:27:10,0.7,Sn3DAlgorithm::Sn3DMeshHoleColorFusion::fusion_mesh_hole,0.7999999999999999
55,algorithm2.dll,IntraoralScan/Bin/algorithm2.dll,7297024,algorithms,50,2025-08-15 16:27:10,0.7,Sn3DAlgorithm::Sn3DMeshHoleColorFusion::generate_coefMat,0.7999999999999999
55,algorithm2.dll,IntraoralScan/Bin/algorithm2.dll,7297024,algorithms,50,2025-08-15 16:27:10,0.7,Sn3DAlgorithm::Sn3DMeshHoleColorFusion::generate_subMesh,0.7999999999999999
55,algorithm2.dll,IntraoralScan/Bin/algorithm2.dll,7297024,algorithms,50,2025-08-15 16:27:10,0.7,Sn3DAlgorithm::Sn3DMeshPlaneSegment::add_point_on_disruption,0.9
55,algorithm2.dll,IntraoralScan/Bin/algorithm2.dll,7297024,algorithms,50,2025-08-15 16:27:10,0.7,Sn3DAlgorithm::Sn3DMeshPlaneSegment::calc_distance,0.7999999999999999
55,algorithm2.dll,IntraoralScan/Bin/algorithm2.dll,7297024,algorithms,50,2025-08-15 16:27:10,0.7,Sn3DAlgorithm::Sn3DMeshPlaneSegment::check_self_intersection,0.7999999999999999
55,algorithm2.dll,IntraoralScan/Bin/algorithm2.dll,7297024,algorithms,50,2025-08-15 16:27:10,0.7,Sn3DAlgorithm::Sn3DMeshPlaneSegment::dispart_mesh,0.7999999999999999
55,algorithm2.dll,IntraoralScan/Bin/algorithm2.dll,7297024,algorithms,50,2025-08-15 16:27:10,0.7,Sn3DAlgorithm::Sn3DMeshPlaneSegment::filter_not_onplane_holes,0.7999999999999999
55,algorithm2.dll,IntraoralScan/Bin/algorithm2.dll,7297024,algorithms,50,2025-08-15 16:27:10,0.7,Sn3DAlgorithm::Sn3DMeshPlaneSegment::generate_hole_mesh,0.7999999999999999
55,algorithm2.dll,IntraoralScan/Bin/algorithm2.dll,7297024,algorithms,50,2025-08-15 16:27:10,0.7,Sn3DAlgorithm::Sn3DMeshPlaneSegment::plane_segment,0.7999999999999999
55,algorithm2.dll,IntraoralScan/Bin/algorithm2.dll,7297024,algorithms,50,2025-08-15 16:27:10,0.7,Sn3DAlgorithm::Sn3DMeshPlaneSegment::reverse_normal,0.7999999999999999
55,algorithm2.dll,IntraoralScan/Bin/algorithm2.dll,7297024,algorithms,50,2025-08-15 16:27:10,0.7,Sn3DAlgorithm::Sn3DMeshPlaneSegment::split_mesh,0.7999999999999999
55,algorithm2.dll,IntraoralScan/Bin/algorithm2.dll,7297024,algorithms,50,2025-08-15 16:27:10,0.7,Sn3DAlgorithm::Sn3DMeshProcess::remove_mesh_spike,0.7999999999999999
55,algorithm2.dll,IntraoralScan/Bin/algorithm2.dll,7297024,algorithms,50,2025-08-15 16:27:10,0.7,Sn3DAlgorithm::Sn3DMeshSubdivide::approximate_to_cloud,0.7999999999999999
55,algorithm2.dll,IntraoralScan/Bin/algorithm2.dll,7297024,algorithms,50,2025-08-15 16:27:10,0.7,Sn3DAlgorithm::Sn3DModelProcess::collect_points,0.7999999999999999
55,algorithm2.dll,IntraoralScan/Bin/algorithm2.dll,7297024,algorithms,50,2025-08-15 16:27:10,0.7,Sn3DAlgorithm::SnModelProcessGPU::process_model_gpu,0.8500000000000001
55,algorithm2.dll,IntraoralScan/Bin/algorithm2.dll,7297024,algorithms,50,2025-08-15 16:27:10,0.7,Sn3DAlgorithm::estimate_point_dis_mesh,0.7999999999999999
55,algorithm2.dll,IntraoralScan/Bin/algorithm2.dll,7297024,algorithms,50,2025-08-15 16:27:10,0.7,Sn3DAlgorithm::process_model_gpu,0.8500000000000001
55,algorithm2.dll,IntraoralScan/Bin/algorithm2.dll,7297024,algorithms,50,2025-08-15 16:27:10,0.7,Sn3DAlgorithm::segment_mesh_planar,0.7999999999999999
55,algorithm2.dll,IntraoralScan/Bin/algorithm2.dll,7297024,algorithms,50,2025-08-15 16:27:10,0.7,"Sn3DMeshProcess::get_point_bd_queue(mesh, dist_to_bd, largest_bd, bd_ring)",0.9
55,algorithm2.dll,IntraoralScan/Bin/algorithm2.dll,7297024,algorithms,50,2025-08-15 16:27:10,0.7,_ZN17GPU_model_process11g_set_v_delEN16Sn3DGPUAlgorithm5PtrSzIiEENS1_IcEE,0.7500000000000001
55,algorithm2.dll,IntraoralScan/Bin/algorithm2.dll,7297024,algorithms,50,2025-08-15 16:27:10,0.7,_ZN17GPU_model_process14g_range_clip_zEN16Sn3DGPUAlgorithm9PtrStepSzIiEENS0_5PtrSzI6float3EEfNS3_IcEE,0.7500000000000001
55,algorithm2.dll,IntraoralScan/Bin/algorithm2.dll,7297024,algorithms,50,2025-08-15 16:27:10,0.7,_ZN17GPU_model_process15g_mark_cell_delEN16Sn3DGPUAlgorithm9PtrStepSzIiEES2_NS0_5PtrSzIfEENS3_IcEEf,0.7500000000000001
55,algorithm2.dll,IntraoralScan/Bin/algorithm2.dll,7297024,algorithms,50,2025-08-15 16:27:10,0.7,_ZN17GPU_model_process15g_swapRangeDataEN16Sn3DGPUAlgorithm5PtrSzIiEENS0_9PtrStepSzIiEENS1_I6float3EENS1_IcEES7_NS1_I7ushort2EES6_NS1_I6uchar3EEbb,0.7500000000000001
55,algorithm2.dll,IntraoralScan/Bin/algorithm2.dll,7297024,algorithms,50,2025-08-15 16:27:10,0.7,_ZN17GPU_model_process18g_get_camera_angleEN16Sn3DGPUAlgorithm9PtrStepSzIiEENS0_5PtrSzI6float3EES5_NS3_IcEES4_NS3_IfEE,0.7500000000000001
55,algorithm2.dll,IntraoralScan/Bin/algorithm2.dll,7297024,algorithms,50,2025-08-15 16:27:10,0.7,_ZN17GPU_model_process19g_get_global_coordsEN16Sn3DGPUAlgorithm9PtrStepSzIiEENS0_5PtrSzI6float3EENS3_IdEES6_S5_,0.7500000000000001
55,algorithm2.dll,IntraoralScan/Bin/algorithm2.dll,7297024,algorithms,50,2025-08-15 16:27:10,0.7,_ZN17GPU_model_process21g_get_dihedral_weightEN16Sn3DGPUAlgorithm9PtrStepSzIiEENS0_5PtrSzI6float3EES5_NS3_IiEEiNS3_IfEES7_,0.7500000000000001
55,algorithm2.dll,IntraoralScan/Bin/algorithm2.dll,7297024,algorithms,50,2025-08-15 16:27:10,0.7,_ZN17GPU_model_process21g_swapRangeWeightPropEN16Sn3DGPUAlgorithm5PtrSzIiEENS0_9PtrStepSzIiEENS1_IfEE,0.7500000000000001
55,algorithm2.dll,IntraoralScan/Bin/algorithm2.dll,7297024,algorithms,50,2025-08-15 16:27:10,0.7,_ZN17GPU_model_process23g_get_camera_angle_vertEN16Sn3DGPUAlgorithm9PtrStepSzIiEENS0_5PtrSzI6float3EES5_S4_NS3_IfEE,0.7500000000000001
52,algorithmHlj.dll,IntraoralScan/Bin/algorithmHlj.dll,5714432,algorithms,0,2025-08-15 16:27:09,0.35,,
58,algorithmLy.dll,IntraoralScan/Bin/algorithmLy.dll,5954560,algorithms,0,2025-08-15 16:27:11,0.35,,
50,algorithmLzy.dll,IntraoralScan/Bin/algorithmLzy.dll,24945152,algorithms,50,2025-08-15 16:27:08,0.7,Sn3DAlgorithm::LaserPlaneCalibration::calc_laser_order_points_with_coor2d_calib,0.7999999999999999
50,algorithmLzy.dll,IntraoralScan/Bin/algorithmLzy.dll,24945152,algorithms,50,2025-08-15 16:27:08,0.7,Sn3DAlgorithm::LaserPlaneCalibration::calc_laser_order_points_with_coor2d_nx_windows,0.7999999999999999
50,algorithmLzy.dll,IntraoralScan/Bin/algorithmLzy.dll,24945152,algorithms,50,2025-08-15 16:27:08,0.7,Sn3DGPUAlgorithm::device::AboutDeviceLaserRebuild::device_detect,0.8500000000000001
50,algorithmLzy.dll,IntraoralScan/Bin/algorithmLzy.dll,24945152,algorithms,50,2025-08-15 16:27:08,0.7,_ZN13Sn3DAlgorithm14delete_processEN16Sn3DGPUAlgorithm9PtrStepSzI6float4EENS1_IiEENS0_5PtrSzI6float2EE,0.7500000000000001
50,algorithmLzy.dll,IntraoralScan/Bin/algorithmLzy.dll,24945152,algorithms,50,2025-08-15 16:27:08,0.7,_ZN13Sn3DAlgorithm14get_segment_LREN16Sn3DGPUAlgorithm9PtrStepSzIjEENS1_I4int2EENS0_5PtrSzIS3_EENS5_IiEES2_S4_S6_S7_,0.7500000000000001
50,algorithmLzy.dll,IntraoralScan/Bin/algorithmLzy.dll,24945152,algorithms,50,2025-08-15 16:27:08,0.7,_ZN13Sn3DAlgorithm15cudaComputeGauXEN16Sn3DGPUAlgorithm9PtrStepSzIfEEiS2_,0.7500000000000001
50,algorithmLzy.dll,IntraoralScan/Bin/algorithmLzy.dll,24945152,algorithms,50,2025-08-15 16:27:08,0.7,_ZN13Sn3DAlgorithm15cudaComputeGauYEN16Sn3DGPUAlgorithm9PtrStepSzIfEEiS2_,0.7500000000000001
50,algorithmLzy.dll,IntraoralScan/Bin/algorithmLzy.dll,24945152,algorithms,50,2025-08-15 16:27:08,0.7,_ZN13Sn3DAlgorithm16cudaComputeGauXTEN16Sn3DGPUAlgorithm9PtrStepSzIfEEiS2_,0.7500000000000001
50,algorithmLzy.dll,IntraoralScan/Bin/algorithmLzy.dll,24945152,algorithms,50,2025-08-15 16:27:08,0.7,_ZN13Sn3DAlgorithm16get_segment_2_SNILi16EEEvN16Sn3DGPUAlgorithm5PtrSzI4int2EENS2_IiEENS1_9PtrStepSzIS3_EES4_S5_S7_NS6_IjEE,0.7500000000000001
50,algorithmLzy.dll,IntraoralScan/Bin/algorithmLzy.dll,24945152,algorithms,50,2025-08-15 16:27:08,0.7,_ZN13Sn3DAlgorithm16get_segment_2_TYILi16EEEvN16Sn3DGPUAlgorithm5PtrSzI4int2EENS2_IiEENS1_9PtrStepSzIS3_EES4_S5_S7_NS6_IjEE,0.7500000000000001
50,algorithmLzy.dll,IntraoralScan/Bin/algorithmLzy.dll,24945152,algorithms,50,2025-08-15 16:27:08,0.7,_ZN13Sn3DAlgorithm16get_segment_LR_2EN16Sn3DGPUAlgorithm5PtrSzI4int2EENS0_9PtrStepSzIjEENS4_IS2_EES6_NS1_IiEES5_S6_S6_S7_,0.7500000000000001
50,algorithmLzy.dll,IntraoralScan/Bin/algorithmLzy.dll,24945152,algorithms,50,2025-08-15 16:27:08,0.7,_ZN13Sn3DAlgorithm18tsdf_fusion_kernelEN16Sn3DGPUAlgorithm9PtrStepSzI6float4EES3_i6float3NS0_5PtrSzI4int2EENS5_INS_11TsdfLeafGpuEEE,0.7500000000000001
50,algorithmLzy.dll,IntraoralScan/Bin/algorithmLzy.dll,24945152,algorithms,50,2025-08-15 16:27:08,0.7,_ZN13Sn3DAlgorithm19segment_cut_sn_NX_LILi16EEEvN16Sn3DGPUAlgorithm5PtrSzIjEENS2_IiEENS2_I4int2EENS1_9PtrStepSzIS5_EENS2_IhEES6_,0.7500000000000001
50,algorithmLzy.dll,IntraoralScan/Bin/algorithmLzy.dll,24945152,algorithms,50,2025-08-15 16:27:08,0.7,_ZN13Sn3DAlgorithm19segment_cut_sn_NX_RILi16EEEvN16Sn3DGPUAlgorithm5PtrSzIjEENS2_IiEENS2_I4int2EENS1_9PtrStepSzIS5_EENS2_IhEES6_,0.7500000000000001
50,algorithmLzy.dll,IntraoralScan/Bin/algorithmLzy.dll,24945152,algorithms,50,2025-08-15 16:27:08,0.7,_ZN13Sn3DAlgorithm21extract_fusion_kernelEN16Sn3DGPUAlgorithm5PtrSzINS_11TsdfLeafGpuEEENS1_I6float3EENS1_IiEES4_,0.7500000000000001
50,algorithmLzy.dll,IntraoralScan/Bin/algorithmLzy.dll,24945152,algorithms,50,2025-08-15 16:27:08,0.7,_ZN13Sn3DAlgorithm21get_segment_LENGTH_SNILi16EEEvN16Sn3DGPUAlgorithm5PtrSzI4int2EENS2_IiEENS1_9PtrStepSzIS3_EES7_S5_S7_S7_,0.7500000000000001
50,algorithmLzy.dll,IntraoralScan/Bin/algorithmLzy.dll,24945152,algorithms,50,2025-08-15 16:27:08,0.7,_ZN13Sn3DAlgorithm21get_segment_LENGTH_TYILi16EEEvN16Sn3DGPUAlgorithm5PtrSzI4int2EENS2_IiEENS1_9PtrStepSzIS3_EES7_S5_S7_S7_,0.7500000000000001
50,algorithmLzy.dll,IntraoralScan/Bin/algorithmLzy.dll,24945152,algorithms,50,2025-08-15 16:27:08,0.7,_ZN13Sn3DAlgorithm22cudaBinningComputeGauXEN16Sn3DGPUAlgorithm9PtrStepSzIfEEiS2_,0.7500000000000001
50,algorithmLzy.dll,IntraoralScan/Bin/algorithmLzy.dll,24945152,algorithms,50,2025-08-15 16:27:08,0.7,_ZN13Sn3DAlgorithm23segment_cut_sn_triviewsILi16EEEvN16Sn3DGPUAlgorithm5PtrSzI4int2EENS2_IiEENS1_9PtrStepSzIS3_EES5_,0.7500000000000001
50,algorithmLzy.dll,IntraoralScan/Bin/algorithmLzy.dll,24945152,algorithms,50,2025-08-15 16:27:08,0.7,_ZN13Sn3DAlgorithm25remove_little_segment_triEN16Sn3DGPUAlgorithm9PtrStepSzI6float2EENS1_I4int2EEiNS1_I6float4EES7_,0.7500000000000001
50,algorithmLzy.dll,IntraoralScan/Bin/algorithmLzy.dll,24945152,algorithms,50,2025-08-15 16:27:08,0.7,_ZN13Sn3DAlgorithm26cudaComputeGauXSecondOrderEN16Sn3DGPUAlgorithm9PtrStepSzIfEEiS2_,0.7500000000000001
50,algorithmLzy.dll,IntraoralScan/Bin/algorithmLzy.dll,24945152,algorithms,50,2025-08-15 16:27:08,0.7,_ZN13Sn3DAlgorithm26delete_process_disContinueEN16Sn3DGPUAlgorithm9PtrStepSzI6float4EENS1_IiEENS0_5PtrSzI6float2EEi,0.7500000000000001
50,algorithmLzy.dll,IntraoralScan/Bin/algorithmLzy.dll,24945152,algorithms,50,2025-08-15 16:27:08,0.7,_ZN13Sn3DAlgorithm36delete_discrete_segment_triviews_midEN16Sn3DGPUAlgorithm9PtrStepSzI4int2EEiS3_NS0_5PtrSzI4int3EES6_NS1_IiEE,0.7500000000000001
50,algorithmLzy.dll,IntraoralScan/Bin/algorithmLzy.dll,24945152,algorithms,50,2025-08-15 16:27:08,0.7,_ZN13Sn3DAlgorithm37delete_discrete_segment_triviews_leftEN16Sn3DGPUAlgorithm9PtrStepSzI4int2EEiS3_NS0_5PtrSzIS2_EENS4_IiEENS4_I4int3EES8_NS1_IiEE,0.7500000000000001
50,algorithmLzy.dll,IntraoralScan/Bin/algorithmLzy.dll,24945152,algorithms,50,2025-08-15 16:27:08,0.7,_ZN13Sn3DAlgorithm38delete_discrete_segment_triviews_rightEN16Sn3DGPUAlgorithm9PtrStepSzI4int2EEiS3_NS0_5PtrSzI4int3EES6_NS1_IiEE,0.7500000000000001
50,algorithmLzy.dll,IntraoralScan/Bin/algorithmLzy.dll,24945152,algorithms,50,2025-08-15 16:27:08,0.7,_ZN13Sn3DAlgorithm40delete_discrete_line_segment_ty_speedup_EN16Sn3DGPUAlgorithm9PtrStepSzI6float2EENS1_I4int2EEiS5_NS0_5PtrSzIS4_EENS6_IiEE,0.7500000000000001
50,algorithmLzy.dll,IntraoralScan/Bin/algorithmLzy.dll,24945152,algorithms,50,2025-08-15 16:27:08,0.7,_ZN13Sn3DAlgorithm42delete_discrete_line_segment_LR_sn_speedupEN16Sn3DGPUAlgorithm9PtrStepSzI6float2EENS1_I4int2EES3_S5_iS5_S5_NS0_5PtrSzIS4_EENS6_IiEES7_S8_,0.7500000000000001
50,algorithmLzy.dll,IntraoralScan/Bin/algorithmLzy.dll,24945152,algorithms,50,2025-08-15 16:27:08,0.7,_ZN13Sn3DAlgorithm43delete_discrete_line_segment_lmr_sn_speedupEN16Sn3DGPUAlgorithm9PtrStepSzI6float2EENS1_I4int2EES3_S5_S3_S5_iS5_S5_S5_NS0_5PtrSzIS4_EENS6_IiEE,0.7500000000000001
50,algorithmLzy.dll,IntraoralScan/Bin/algorithmLzy.dll,24945152,algorithms,50,2025-08-15 16:27:08,0.7,_ZN13Sn3DAlgorithm45delete_discrete_line_segment_sn_speedup_left_ILi7EEEvN16Sn3DGPUAlgorithm9PtrStepSzIhEENS2_I6float2EENS2_I4int2EES7_NS1_5PtrSzIS6_EENS8_IiEESA_,0.7500000000000001
50,algorithmLzy.dll,IntraoralScan/Bin/algorithmLzy.dll,24945152,algorithms,50,2025-08-15 16:27:08,0.7,_ZN13Sn3DAlgorithm46delete_discrete_line_segment_sn_speedup_right_ILi7EEEvN16Sn3DGPUAlgorithm9PtrStepSzIhEENS2_I6float2EENS2_I4int2EES7_NS1_5PtrSzIS6_EENS8_IiEESA_,0.7500000000000001
50,algorithmLzy.dll,IntraoralScan/Bin/algorithmLzy.dll,24945152,algorithms,50,2025-08-15 16:27:08,0.7,_ZN13Sn3DAlgorithm47delete_discrete_line_segment_lmr_sn_speedup_NewEN16Sn3DGPUAlgorithm9PtrStepSzI6float2EENS1_I4int2EEi,0.7500000000000001
50,algorithmLzy.dll,IntraoralScan/Bin/algorithmLzy.dll,24945152,algorithms,50,2025-08-15 16:27:08,0.7,_ZN13Sn3DAlgorithm48delete_discrete_line_segment_sn_triviews_speedupEN16Sn3DGPUAlgorithm9PtrStepSzI6float2EENS1_I4int2EES3_S5_S3_S5_iS5_S5_S5_NS0_5PtrSzIS4_EENS6_IiEES7_S8_S7_S8_,0.7500000000000001
50,algorithmLzy.dll,IntraoralScan/Bin/algorithmLzy.dll,24945152,algorithms,50,2025-08-15 16:27:08,0.7,_ZN13Sn3DAlgorithm52delete_discrete_line_segment_lmr_sn_speedup_single_LILi4EEEvN16Sn3DGPUAlgorithm9PtrStepSzI6float2EENS2_I4int2EENS1_5PtrSzIS5_EENS7_IiEE,0.7500000000000001
50,algorithmLzy.dll,IntraoralScan/Bin/algorithmLzy.dll,24945152,algorithms,50,2025-08-15 16:27:08,0.7,_ZN13Sn3DAlgorithm52delete_discrete_line_segment_lmr_sn_speedup_single_LILi7EEEvN16Sn3DGPUAlgorithm9PtrStepSzI6float2EENS2_I4int2EENS1_5PtrSzIS5_EENS7_IiEE,0.7500000000000001
50,algorithmLzy.dll,IntraoralScan/Bin/algorithmLzy.dll,24945152,algorithms,50,2025-08-15 16:27:08,0.7,_ZN13Sn3DAlgorithm53delete_discrete_line_segment_lmr_sn_speedup_single_L2ILi4EEEvN16Sn3DGPUAlgorithm5PtrSzIhEENS1_9PtrStepSzI6float2EENS4_I4int2EENS2_IS7_EENS2_IiEES3_S6_S8_S9_SA_,0.7500000000000001
50,algorithmLzy.dll,IntraoralScan/Bin/algorithmLzy.dll,24945152,algorithms,50,2025-08-15 16:27:08,0.7,_ZN13Sn3DAlgorithm53delete_discrete_line_segment_lmr_sn_speedup_single_L2ILi4ELi16EEEvN16Sn3DGPUAlgorithm9PtrStepSzI6float2EENS2_I4int2EENS1_5PtrSzIS5_EENS7_IiEES8_S9_,0.7500000000000001
50,algorithmLzy.dll,IntraoralScan/Bin/algorithmLzy.dll,24945152,algorithms,50,2025-08-15 16:27:08,0.7,_ZN13Sn3DAlgorithm53delete_discrete_line_segment_lmr_sn_speedup_single_LMILi7EEEvN16Sn3DGPUAlgorithm9PtrStepSzI6float2EENS2_I4int2EENS1_5PtrSzIjEENS7_IiEE,0.7500000000000001
50,algorithmLzy.dll,IntraoralScan/Bin/algorithmLzy.dll,24945152,algorithms,50,2025-08-15 16:27:08,0.7,_ZN13Sn3DAlgorithm54delete_discrete_line_segment_lmr_sn_speedup_single_LM2ILi4ELi16EEEvN16Sn3DGPUAlgorithm9PtrStepSzI6float2EENS2_I4int2EENS1_5PtrSzIjEENS7_IiEENS7_IS5_EES9_,0.7500000000000001
50,algorithmLzy.dll,IntraoralScan/Bin/algorithmLzy.dll,24945152,algorithms,50,2025-08-15 16:27:08,0.7,_ZN13Sn3DAlgorithm57delete_discrete_line_segment_lmr_sn_speedup_single_LM2_idILi4ELi16EEEvN16Sn3DGPUAlgorithm9PtrStepSzI6float2EENS2_I4int2EENS1_5PtrSzIS5_EENS7_IjEENS7_IiEES8_SA_,0.7500000000000001
50,algorithmLzy.dll,IntraoralScan/Bin/algorithmLzy.dll,24945152,algorithms,50,2025-08-15 16:27:08,0.7,_ZN13Sn3DAlgorithm60delete_discrete_line_segment_lmr_sn_speedup_single_LM_11LineILi4EEEvN16Sn3DGPUAlgorithm9PtrStepSzI6float2EENS2_I4int2EENS1_5PtrSzIS5_EENS7_IiEE,0.7500000000000001
50,algorithmLzy.dll,IntraoralScan/Bin/algorithmLzy.dll,24945152,algorithms,50,2025-08-15 16:27:08,0.7,_ZN13Sn3DAlgorithm70marker_point_before_match_and_small_line_segment_delete_two_dot_zero_2EN16Sn3DGPUAlgorithm5PtrSzIiEEiNS0_9PtrStepSzI4int2EENS3_I6float2EENS1_IS4_EENS3_IfEES9_NS3_IhEESA_f,0.85
50,algorithmLzy.dll,IntraoralScan/Bin/algorithmLzy.dll,24945152,algorithms,50,2025-08-15 16:27:08,0.7,_ZN13Sn3DAlgorithm72marker_point_before_match_and_small_line_segment_delete_two_dot_zero_R_2EN16Sn3DGPUAlgorithm5PtrSzIiEEiNS0_9PtrStepSzI4int2EENS3_I6float2EENS1_IS4_EENS3_IfEES9_NS3_IhEESA_f,0.85
50,algorithmLzy.dll,IntraoralScan/Bin/algorithmLzy.dll,24945152,algorithms,50,2025-08-15 16:27:08,0.7,_ZN16Sn3DGPUAlgorithm14fusionRangeConE,0.7500000000000001
50,algorithmLzy.dll,IntraoralScan/Bin/algorithmLzy.dll,24945152,algorithms,50,2025-08-15 16:27:08,0.7,_ZN16Sn3DGPUAlgorithm19point_smooth_kernelENS_5PtrSzIiEENS0_INS_18LeafCountNormalGpuEEEiNS0_I6float3EES5_NS0_I4int3EE,0.7500000000000001
50,algorithmLzy.dll,IntraoralScan/Bin/algorithmLzy.dll,24945152,algorithms,50,2025-08-15 16:27:08,0.7,_ZN16Sn3DGPUAlgorithm19volumeSizeFusionConE,0.7500000000000001
50,algorithmLzy.dll,IntraoralScan/Bin/algorithmLzy.dll,24945152,algorithms,50,2025-08-15 16:27:08,0.7,_ZN16Sn3DGPUAlgorithm23fusion_one_frame_kernelENS_5PtrSzINS_13LeafTSDFLaserEEENS0_I6float3EES4_NS0_IfEEiS3_,0.7500000000000001
50,algorithmLzy.dll,IntraoralScan/Bin/algorithmLzy.dll,24945152,algorithms,50,2025-08-15 16:27:08,0.7,_ZN16Sn3DGPUAlgorithm24volumeSizeInverFusionConE,0.7500000000000001
50,algorithmLzy.dll,IntraoralScan/Bin/algorithmLzy.dll,24945152,algorithms,50,2025-08-15 16:27:08,0.7,_ZN16Sn3DGPUAlgorithm25volumeResolutionFusionConE,0.7500000000000001
50,algorithmLzy.dll,IntraoralScan/Bin/algorithmLzy.dll,24945152,algorithms,50,2025-08-15 16:27:08,0.7,_ZN16Sn3DGPUAlgorithm26count_focuse_fusion_kernelENS_5PtrSzI6float3EES2_iS2_,0.7500000000000001
50,algorithmLzy.dll,IntraoralScan/Bin/algorithmLzy.dll,24945152,algorithms,50,2025-08-15 16:27:08,0.7,_ZN16Sn3DGPUAlgorithm26disThBetweenFusionModelConE,0.7500000000000001
57,algorithmMigrate.dll,IntraoralScan/Bin/algorithmMigrate.dll,852480,algorithms,0,2025-08-15 16:27:10,0.35,,
56,algorithmSaj.dll,IntraoralScan/Bin/algorithmSaj.dll,799744,algorithms,0,2025-08-15 16:27:10,0.35,,
51,algorithmZbt.dll,IntraoralScan/Bin/algorithmZbt.dll,6445056,algorithms,0,2025-08-15 16:27:09,0.35,,
53,algorithmZys.dll,IntraoralScan/Bin/algorithmZys.dll,1217024,algorithms,0,2025-08-15 16:27:09,0.35,,
54,algorithmlyc.dll,IntraoralScan/Bin/algorithmlyc.dll,3526144,algorithms,0,2025-08-15 16:27:10,0.35,,
